{"stats":{"minecraft:broken":{"minecraft:diamond_helmet":1,"minecraft:chainmail_boots":1,"ftbstuff:stone_hammer":3,"minecraft:stone_sword":1,"ftbunearthed:crude_brush":1,"minecraft:leather_leggings":1,"minecraft:golden_leggings":1},"minecraft:custom":{"minecraft:interact_with_crafting_table":18,"minecraft:open_barrel":210,"minecraft:leave_game":8,"minecraft:time_since_death":716432,"chancecubes:opened_chance_cube":2,"minecraft:play_time":1632883,"minecraft:deaths":26,"minecraft:jump":9283,"minecraft:interact_with_furnace":39,"minecraft:damage_dealt":52644,"minecraft:interact_with_smithing_table":8,"minecraft:inspect_hopper":51,"minecraft:sneak_time":79161,"minecraft:interact_with_blast_furnace":18,"minecraft:total_world_time":1632883,"apotheosis:world_tiers_activated":3,"minecraft:interact_with_stonecutter":13,"minecraft:time_since_rest":716459,"minecraft:swim_one_cm":5559,"minecraft:fly_one_cm":4002314,"minecraft:open_chest":1888,"minecraft:fall_one_cm":249244,"minecraft:animals_bred":8,"minecraft:open_shulker_box":5,"constructionstick:use_stick":562,"minecraft:damage_resisted":228,"minecraft:sprint_one_cm":1385824,"minecraft:drop":132,"minecraft:talked_to_villager":28,"minecraft:walk_on_water_one_cm":36207,"minecraft:crouch_one_cm":272928,"minecraft:mob_kills":304,"minecraft:interact_with_campfire":33,"minecraft:damage_dealt_resisted":30,"minecraft:climb_one_cm":14275,"minecraft:walk_one_cm":3206057,"gateways:gates_defeated":3,"minecraft:walk_under_water_one_cm":36322,"minecraft:boat_one_cm":856,"minecraft:damage_taken":15741,"minecraft:damage_absorbed":120,"minecraft:trigger_trapped_chest":5},"minecraft:picked_up":{"mob_grinding_utils:fan_upgrade_width":6,"minecraft:prismarine_shard":4,"ftbmaterials:steel_ingot":1,"minecraft:diamond_sword":1,"cognition:molecular_metamorpher":1,"create:wrench":1,"minecraft:enchanted_book":1,"sophisticatedstorage:gold_chest":1,"minecraft:amethyst_block":43,"minecraft:string":103,"mekanismgenerators:heat_generator":4,"petrock:raw_stoneium":11,"chipped:cobblestone_scales":96,"mekanism:basic_universal_cable":4,"minecraft:gold_nugget":1,"minecraft:cobbled_deepslate":1232,"minecraft:crimson_fence":1,"chicken_roost:chicken_food_tier_2":104,"minecraft:melon_slice":27,"minecraft:coal_block":12,"ars_nouveau:falseweave":2,"mekanism:basic_logistical_transporter":38,"relics:elytra_booster":1,"minecraft:golden_helmet":1,"chicken_roost:chicken_food_tier_4":615,"chicken_roost:chicken_food_tier_3":2266,"apotheosis:rare_material":4,"minecraft:crimson_pressure_plate":1,"ftbstuff:compressed_cobblestone":16,"chicken_roost:chicken_stick":2,"minecraft:golden_axe":1,"mob_grinding_utils:saw":1,"oritech:item_pipe":21,"mob_grinding_utils:rotten_egg":1,"minecraft:stone_sword":1,"minecraft:red_tulip":2,"ars_nouveau:sourceberry_bush":1,"mekanism:basic_fluid_tank":3,"irons_spellbooks:teleportation_amulet":1,"minecraft:feather":73,"powah:dielectric_casing":1,"enderio:grains_of_infinity":65,"ftb:red_core":2,"ae2:charged_certus_quartz_crystal":1,"ars_nouveau:scribes_table":1,"bhc:red_heart":8,"actuallyadditions:bats_wing":1,"minecraft:rabbit":5,"minecraft:glowstone_dust":8,"minecraft:moss_block":5,"enderio:dark_steel_ingot":2,"minecraft:honeycomb":5,"immersiveengineering:blueprint":1,"mekanism:metallurgic_infuser":1,"functionalstorage:compacting_drawer":1,"ftbstuff:gold_auto_hammer":6,"xycraft_world:xychorium_gem_red":4,"ae2:certus_quartz_crystal":8,"ftbstuff:stone_cobblestone_generator":2,"ars_nouveau:wilden_horn":1,"minecraft:trapped_chest":1,"ftbstuff:netherite_basalt_generator":1,"ftb:stone_pebble":44,"mekanism:basic_mechanical_pipe":5,"minecraft:angler_pottery_sherd":6,"minecraft:lever":4,"cognition:experience_obelisk":1,"ftb:companion_cube":1,"sophisticatedstorage:auto_smelting_upgrade":1,"ftb:diorite_pebble":2,"chicken_roost:chicken_food_tier_1":96,"minecraft:chainmail_helmet":1,"minecraft:bread":43,"sophisticatedbackpacks:gold_backpack":1,"ftbstuff:stone_rod":3,"minecraft:crafting_table":1,"minecraft:clay_ball":539,"ae2:silicon_press":1,"minecraft:cornflower":1,"ftb:test_cube":1,"ae2:not_so_mysterious_cube":3,"apotheosis:common_material":22,"chicken_roost:c_red":2,"ftbmaterials:gold_chunk":78,"ftbunearthed:core":6,"custommachinery:custom_machine_item":2,"minecraft:beef":3,"minecraft:jungle_sapling":2,"ftb:andesite_pebble":8,"minecraft:poppy":1,"minecraft:chest":6,"minecraft:birch_sapling":16,"ironchest:dirt_chest":3,"minecraft:egg":82,"minecraft:polished_deepslate_slab":2,"minecraft:stone":2,"ironchest:iron_chest":7,"minecraft:carrot":9,"minecraft:redstone":514,"tesseract:tesseract":3,"ars_nouveau:green_archwood_log":2,"ftbmaterials:aluminum_chunk":183,"immersiveengineering:cloche":18,"minecraft:beetroot_seeds":4,"minecraft:hay_block":16,"minecraft:gold_ingot":2,"minecraft:glow_berries":1,"minecraft:stripped_oak_log":1,"chicken_roost:lava_egg":26,"jags:grass_seed":1,"minecraft:red_mushroom":1,"minecraft:crafter":2,"ae2:fluix_crystal":12,"minecraft:oak_log":47,"chicken_roost:c_orange":1,"relics:enders_hand":1,"antiblocksrechiseled:bright_black":861,"minecraft:apple":3,"apothic_enchanting:ender_lead":1,"minecraft:glass_bottle":3,"minecraft:arms_up_pottery_sherd":11,"minecraft:iron_sword":1,"minecraft:flowering_azalea":2,"ars_nouveau:source_jar":4,"chicken_roost:chicken_food_tier_5":382,"oritech:packed_wheat":1,"minecraft:gravel":263,"laserio:card_item":1,"minecraft:spruce_sapling":16,"ftbmaterials:aluminum_cluster":37,"hostilenetworks:sim_chamber":1,"create:shadow_steel":28,"cookingforblockheads:sink":2,"sophisticatedstorage:void_upgrade":1,"minecraft:slime_ball":497,"immersiveengineering:seed":12,"minecraft:stone_axe":1,"minecraft:melon_seeds":1,"immersiveengineering:hammer":1,"minecraft:hopper":9,"minecraft:ender_pearl":52,"irons_spellbooks:scroll":2,"ars_nouveau:caster_tome":3,"minecraft:wheat":215,"minecraft:redstone_block":1,"minecraft:iron_trapdoor":1,"justdirethings:portalgun":1,"clavis:lock_pick":13,"utilitarian:redstone_clock":7,"minecraft:potion":2,"immersiveengineering:resonanz_engineering":4,"laserio:card_energy":1,"irons_spellbooks:heavy_chain_necklace":1,"irons_spellbooks:arcane_essence":20,"minecraft:black_shulker_box":2,"minecraft:bucket":4,"chicken_roost:roost":8,"minecraft:redstone_torch":4,"minecraft:azalea":2,"minecraft:iron_pickaxe":3,"minecraft:furnace":1,"minecraft:stick":39,"apotheosis:gem":4,"ironchest:crystal_chest":2,"ftbmaterials:coal_tiny":3,"minecraft:torch":54,"ftbmaterials:tin_ingot":1,"minecraft:porkchop":21,"minecraft:crimson_button":1,"minecraft:diorite":1,"minecraft:pointed_dripstone":5,"ftbstuff:stone_crook":1,"actuallyadditions:black_quartz":1,"supplementaries:flax":1,"draconicevolution:generator":12,"ftbmaterials:tin_chunk":39,"minecraft:cactus":12,"minecraft:rotten_flesh":229,"farmersdelight:tree_bark":1,"occultism:datura":1,"ftbmaterials:aluminum_ingot":1,"minecraft:suspicious_sand":5,"ftbstuff:compressed_dust":12,"minecraft:obsidian":67,"minecraft:cobblestone":7635,"minecraft:nautilus_shell":1,"enderio:loot_capacitor":1,"occultism:datura_seeds":6,"minecraft:andesite":18,"minecraft:golden_leggings":2,"minecraft:potato":5,"supplementaries:flax_seeds":2,"minecraft:lapis_lazuli":290,"minecraft:dirt":166,"ftbstuff:dust":1,"ftbstuff:diamond_auto_hammer":10,"ftbmaterials:osmium_cluster":60,"minecraft:leather_boots":1,"minecraft:bone":72,"minecraft:orange_tulip":2,"minecraft:bow":5,"itemcollectors:basic_collector":1,"ars_nouveau:source_gem":9,"minecraft:wheat_seeds":438,"ae2:logic_processor_press":1,"minecraft:bamboo":65,"minecraft:oak_planks":18,"ironfurnaces:iron_furnace":2,"mekanism:teleportation_core":1,"ae2:charger":1,"minecraft:sand":486,"ftbmaterials:iron_chunk":818,"minecraft:lily_of_the_valley":2,"ftbmaterials:osmium_chunk":207,"mob_grinding_utils:fan":6,"occultism:amethyst_dust":4,"artifacts:plastic_drinking_hat":1,"occultism:otherrock":64,"minecraft:sugar":14,"sophisticatedstorage:compacting_upgrade":1,"minecraft:diamond":163,"minecraft:polished_blackstone_pressure_plate":2,"minecraft:polished_blackstone_button":2,"chancecubes:chance_cube":9,"minecraft:bone_meal":132,"minecraft:spruce_sign":2,"minecraft:emerald":93,"apotheosis:sigil_of_malice":4,"minecraft:oak_sapling":39,"minecraft:netherrack":1,"fluxnetworks:flux_dust":2,"functionalstorage:oak_1":36,"ftbmaterials:silver_chunk":92,"minecraft:charcoal":2,"minecraft:chicken":7,"minecraft:brown_mushroom":1,"apotheosis:salvaging_table":1,"enderio:broken_spawner":4,"minecraft:chain":9,"irregular_implements:ectoplasm":1,"minecraft:brick":8,"ftbstuff:compressed_cobblestone_2":2,"minecraft:stone_stairs":6,"ftb:portal_gun":2,"minecraft:moss_carpet":1,"ftbmaterials:copper_chunk":67,"minecraft:blue_orchid":1,"ftbmaterials:nickel_chunk":41,"farmersdelight:straw":7,"irons_spellbooks:epic_ink":2,"immersiveengineering:workbench":1,"irons_spellbooks:lightning_bottle":2,"minecraft:sugar_cane":65,"sophisticatedstorage:iron_chest":4,"minecraft:dark_oak_sapling":17,"mekanism:basic_pressurized_tube":14,"metalbarrels:crystal_barrel":4,"minecraft:copper_ingot":14,"mekanism:basic_energy_cube":18,"mob_grinding_utils:dreadful_dirt":1,"ftb:purple_core":1,"minecraft:arrow":88,"ars_nouveau:bookwyrm_charm":1,"ftbmaterials:obsidian_dust":11,"ftbmaterials:lead_cluster":99,"ae2:calculation_processor_press":1,"mekanism:advanced_logistical_transporter":2,"enderio:alloy_smelter":1,"mob_grinding_utils:fan_upgrade_speed":24,"minecraft:basalt":9,"artifacts:eternal_steak":1,"minecraft:glow_ink_sac":5,"minecraft:leather":53,"minecraft:cobblestone_stairs":3,"minecraft:gunpowder":159,"ftb:dry_leaves":15,"irons_spellbooks:common_ink":2,"ae2:entropy_manipulator":1,"chicken_roost:chicken_food_tier_6":205,"sfm:water_tank":2,"replication:replicator":1,"minecraft:rabbit_hide":3,"minecraft:iron_ingot":13,"supplementaries:gravel_bricks":217,"chicken_roost:c_vanilla":13,"minecraft:soul_sand":40,"minecraft:acacia_sapling":19,"ftbmaterials:osmium_ingot":10,"ftbunearthed:worker_token":10,"minecraft:brush":1,"minecraft:stone_brick_slab":1,"minecraft:quartz":29,"minecraft:dandelion":2,"minecraft:dripstone_block":3,"apotheosis:uncommon_material":36,"ftbmaterials:zinc_cluster":70,"ars_nouveau:dominion_wand":1,"minecraft:amethyst_shard":48,"ftbmaterials:zinc_chunk":385,"justhammers:stone_hammer":1,"minecraft:blast_furnace":2,"chicken_roost:c_lava":1,"minecraft:spider_eye":101,"ftb:clapple":1,"ae2:guide":1,"minecraft:pumpkin_seeds":2,"utilitarian:snad":1,"ftbmaterials:lead_chunk":369,"minecraft:cherry_sapling":16,"ftbstuff:iron_auto_hammer":8,"ae2:engineering_processor_press":1,"minecraft:coal":308,"enderio:crafter":1},"minecraft:dropped":{"oritech:packed_wheat":1,"occultism:datura_seeds":1,"minecraft:diamond":31,"create:cogwheel":2,"minecraft:sand":389,"minecraft:iron_pickaxe":1,"mekanism:free_runners":1,"minecraft:rotten_flesh":3,"chicken_roost:c_red":1,"minecraft:hopper":1,"create:wrench":1,"farmersdelight:mixed_salad":7,"ftbunearthed:worker_token":1,"minecraft:egg":1,"minecraft:iron_ingot":18,"ftbmaterials:steel_ingot":9,"occultism:datura":1,"minecraft:cobblestone":94,"clavis:lock_pick":13,"sophisticatedstorage:copper_to_diamond_tier_upgrade":3,"chicken_roost:c_vanilla":4,"ftb:red_core":2,"minecraft:clay_ball":64,"minecraft:diamond_sword":1,"minecraft:stone":1,"ftb:companion_cube":1,"ae2:entropy_manipulator":1,"minecraft:oak_log":7,"ftb:portal_gun":2,"minecraft:leather":3,"mekanism:basic_logistical_transporter":2,"apothic_enchanting:ender_lead":1,"create:large_cogwheel":3,"minecraft:gold_ingot":3,"minecraft:gravel":66,"ftbmaterials:obsidian_dust":44,"ftbmaterials:nickel_ingot":3,"ae2:charged_certus_quartz_crystal":6,"antiblocksrechiseled:bright_black":1373,"justhammers:stone_hammer":1,"minecraft:gunpowder":3,"immersiveengineering:resonanz_engineering":6,"minecraft:arrow":5,"minecraft:quartz":30,"ars_nouveau:dominion_wand":1,"chicken_roost:chicken_food_tier_3":3,"chicken_roost:chicken_food_tier_1":94,"ftbstuff:stone_cobblestone_generator":1,"ftb:purple_core":1,"minecraft:diorite":64,"minecraft:torch":48,"minecraft:redstone":126,"apothic_enchanting:flimsy_ender_lead":1,"minecraft:stripped_oak_log":1,"minecraft:diamond_chestplate":1,"minecraft:andesite":11,"ftbstuff:compressed_dust":12},"minecraft:crafted":{"hostilenetworks:nether_prediction":2,"immersiveengineering:hammer":1,"bhc:red_heart_canister":1,"mekanism:configurator":2,"ftbstuff:diamond_hammer":5,"ftbstuff:diamond_auto_hammer":3,"ftbmaterials:copper_wire":12,"chicken_roost:breeder":1,"ftbunearthed:reinforced_brush":2,"mekanism:logistical_sorter":3,"minecraft:lever":17,"ftbmaterials:copper_plate":39,"mekanismgenerators:heat_generator":1,"sophisticatedstorage:stack_upgrade_tier_1":2,"immersiveengineering:workbench":2,"minecraft:iron_bars":64,"sophisticatedbackpacks:smelting_upgrade":1,"minecraft:glass":18,"minecraft:diamond_helmet":1,"utilitarian:sound_muffler":2,"bhc:canister":1,"chicken_roost:chicken_food_tier_4":1,"cognition:cognitive_crystal":6,"functionalstorage:configuration_tool":1,"mekanism:energy_tablet":1,"sophisticatedstorage:auto_smelting_upgrade":1,"ftbstuff:stone_cobblestone_generator":1,"minecraft:deepslate":0,"enderio:basic_capacitor":1,"oritech:fluid_pipe":6,"sfm:water_tank":1,"oritech:centrifuge_block":1,"minecraft:diamond_axe":1,"sophisticatedstorage:void_upgrade":4,"mob_grinding_utils:saw_upgrade_smite":10,"constructionstick:diamond_stick":1,"immersiveengineering:slab_treated_wood_horizontal":54,"minecraft:raw_gold_block":2,"sophisticatedbackpacks:advanced_feeding_upgrade":1,"oritech:machine_core_1":1,"minecraft:smithing_table":2,"ars_nouveau:source_jar":3,"minecraft:clock":1,"minecraft:copper_ingot":1,"craftingstation:crafting_station":1,"tempad:chronon_cell":1,"mekanism:advanced_thermodynamic_conductor":8,"mob_grinding_utils:fan_upgrade_width":19,"minecraft:campfire":1,"minecraft:polished_deepslate_slab":12,"bhc:yellow_heart_patch":1,"cognition:cognitive_amalgam":4,"chicken_roost:chicken_food_tier_5":1,"bhc:yellow_heart":1,"oritech:motor":2,"minecraft:stone_slab":48,"chicken_roost:chicken_food_tier_6":1,"minecraft:iron_pickaxe":1,"minecraft:iron_block":7,"minecraft:gold_ingot":15,"minecraft:sandstone":4,"minecraft:netherite_ingot":5,"minecraft:composter":17,"tempad:chronon_generator":1,"cognition:astute_assembly":4,"ars_nouveau:arcane_pedestal":1,"ftbmaterials:lead_plate":4,"mekanism:basic_logistical_transporter":80,"oritech:magnetic_coil":8,"powah:dielectric_casing":9,"minecraft:leather_leggings":1,"mob_grinding_utils:saw_upgrade_fire":10,"minecraft:iron_nugget":54,"sophisticatedstorage:advanced_compacting_upgrade":1,"ars_nouveau:ritual_flight":1,"minecraft:tinted_glass":18,"minecraft:bone_meal":522,"irregular_implements:stable_ender_pearl":2,"sophisticatedstorage:advanced_void_upgrade":3,"ftbstuff:stone_rod":4,"minecraft:quartz":8,"mekanism:basic_pressurized_tube":8,"bhc:red_heart_melted":0,"minecraft:terracotta":0,"extendedae:quartz_blend":6,"sophisticatedbackpacks:advanced_void_upgrade":1,"minecraft:diamond":36,"sophisticatedstorage:upgrade_base":9,"minecraft:polished_diorite":4,"utilitarian:snad":1,"chicken_roost:red_egg":32,"minecraft:stone_pickaxe":1,"immersiveengineering:treated_fence":3,"minecraft:redstone_block":6,"minecraft:lead":1,"minecraft:golden_helmet":20,"ars_nouveau:vitalic_sourcelink":1,"minecraft:wheat":144,"powah:dielectric_paste":96,"sophisticatedstorage:diamond_to_netherite_tier_upgrade":5,"minecraft:purple_stained_glass_pane":8,"minecraft:enchanting_table":1,"ftbmaterials:zinc_ingot":9,"itemcollectors:basic_collector":1,"minecraft:leather_helmet":1,"mob_grinding_utils:saw":2,"minecraft:orange_dye":20,"immersiveengineering:blueprint":2,"hostilenetworks:prediction_matrix":32,"ars_nouveau:sourcestone":16,"minecraft:cobblestone":102,"ftbstuff:iron_auto_hammer":3,"ftbmaterials:lead_ingot":1,"minecraft:flint":66,"replication:replicator_enclosure":1,"mekanism:basic_mechanical_pipe":8,"minecraft:note_block":2,"ftbstuff:compressed_stone":6,"ftbmaterials:osmium_ingot":3,"ae2:fluix_pearl":1,"industrialforegoing:plastic":0,"mob_grinding_utils:fan":9,"minecraft:brick":0,"gag:time_sand_pouch":1,"minecraft:oak_planks":196,"utilitarian:redstone_clock":28,"bhc:heart_amulet":1,"ftbstuff:gold_hammer":4,"apothic_enchanting:flimsy_ender_lead":1,"ars_nouveau:archwood_planks":544,"ftbmaterials:nickel_ingot":0,"cognition:cognitive_alloy":12,"minecraft:stone":12,"ftbunearthed:core":3,"immersiveengineering:cloche":3,"immersiveengineering:resonanz_engineering":4,"minecraft:hopper":3,"bonsaitrees4:bonsaipot":1,"minecraft:stone_brick_slab":84,"ftbmaterials:silver_ingot":0,"ftbunearthed:crude_brush":2,"chicken_roost:roost":7,"justhammers:diamond_hammer":5,"minecraft:chest":10,"immersiveengineering:treated_wood_horizontal":24,"cognition:accelerator":4,"mekanism:basic_fluid_tank":1,"minecraft:chiseled_stone_bricks":41,"mekanism:elite_control_circuit":2,"minecraft:stone_hoe":1,"minecraft:ender_eye":1,"minecraft:stone_bricks":44,"minecraft:ghast_tear":3,"oritech:packed_wheat":8,"mekanism:advanced_logistical_transporter":8,"ftbstuff:stone_crook":1,"chicken_roost:orange_egg":20,"ftbmaterials:aluminum_ingot":59,"minecraft:oak_slab":90,"sophisticatedbackpacks:backpack":1,"minecraft:crafting_table":1,"ftbstuff:gold_auto_hammer":4,"ftbmaterials:iron_gear":4,"minecraft:iron_helmet":19,"minecraft:brush":23,"immersiveengineering:cokebrick":27,"sophisticatedbackpacks:feeding_upgrade":1,"sophisticatedbackpacks:upgrade_base":1,"ars_nouveau:ritual_brazier":1,"sophisticatedstorage:copper_to_gold_tier_upgrade":3,"farmersdelight:cutting_board":1,"oritech:machine_fluid_addon":1,"minecraft:purple_dye":9,"minecraft:book":1,"minecraft:paper":33,"minecraft:charcoal":0,"minecraft:diamond_pickaxe":1,"mekanism:steel_casing":1,"ftbstuff:iron_hammer":3,"minecraft:stick":316,"minecraft:light_weighted_pressure_plate":1,"xycraft_world:glass_viewer_reinforced":36,"minecraft:leather_chestplate":1,"minecraft:iron_ingot":185,"mekanism:resistive_heater":1,"sophisticatedstorage:copper_to_diamond_tier_upgrade":3,"immersiveengineering:stick_treated":12,"bhc:yellow_heart_melted":8,"minecraft:redstone_torch":71,"sophisticatedstorage:smelting_upgrade":1,"ars_nouveau:scribes_table":1,"cognition:molecular_metamorpher":1,"ae2:charger":1,"minecraft:cobbled_deepslate_slab":18,"minecraft:redstone":18,"mekanism:basic_universal_cable":8,"minecraft:coal":198,"minecraft:leather_boots":1,"ftbmaterials:aluminum_plate":4,"minecraft:furnace":8,"minecraft:piston":7,"apotheosis:salvaging_table":1,"ars_nouveau:archwood_slab":24,"constructionstick:iron_stick":1,"minecraft:glass_pane":16,"minecraft:oak_trapdoor":2,"minecraft:flint_and_steel":46,"ars_nouveau:source_gem_block":1,"enderio:crafter":1,"mekanism:elite_thermodynamic_conductor":8,"mob_grinding_utils:saw_upgrade_looting":10,"minecraft:polished_deepslate":16,"minecraft:iron_axe":1,"replication:replica_ingot":0,"cognition:cognitive_flux":80,"oritech:machine_core_2":1,"immersiveengineering:component_iron":2,"ars_nouveau:agronomic_sourcelink":1,"functionalstorage:oak_1":8,"powah:dielectric_rod_horizontal":46,"sophisticatedstorage:copper_to_iron_tier_upgrade":3,"minecraft:glistering_melon_slice":2,"sophisticatedbackpacks:iron_backpack":1,"minecraft:red_dye":32,"immersiveengineering:basic_engineering":4,"create:andesite_alloy":27,"minecraft:diamond_sword":1,"ftbmaterials:steel_ingot":2,"mob_grinding_utils:saw_upgrade_sharpness":10,"enderio:void_chassis":2,"mekanism:metallurgic_infuser":1,"minecraft:amethyst_shard":60,"ars_nouveau:imbuement_chamber":3,"enderio:alloy_smelter":1,"ftbmaterials:dimensional_shard_gem":4,"sophisticatedstorage:iron_to_gold_tier_upgrade":2,"mob_grinding_utils:spikes":4,"minecraft:iron_sword":57,"mob_grinding_utils:saw_upgrade_arthropod":10,"sophisticatedstorage:compacting_upgrade":2,"minecraft:bucket":20,"minecraft:stone_axe":2,"ftbmaterials:iron_plate":24,"minecraft:bread":211,"minecraft:air":0,"mekanism:basic_thermodynamic_conductor":8,"ftbstuff:stone_hammer":3,"minecraft:blue_dye":73,"powah:dielectric_rod":42,"cognition:mending_neurogel":2,"minecraft:white_wool":1,"justhammers:stone_hammer":6,"minecraft:gold_nugget":423,"mob_grinding_utils:fan_upgrade_speed":51,"sophisticatedstorage:iron_to_diamond_tier_upgrade":2,"immersiveengineering:sheetmetal_lead":4,"mekanism:advanced_control_circuit":2,"mekanism:ultimate_thermodynamic_conductor":8,"minecraft:andesite":128,"mob_grinding_utils:saw_upgrade_beheading":10,"minecraft:torch":284,"cookingforblockheads:sink":1,"minecraft:lapis_lazuli":333,"minecraft:clay":5,"immersiveengineering:craftingtable":2,"minecraft:diamond_chestplate":1,"ironchest:iron_chest":1,"bhc:relic_apple":1},"minecraft:mined":{"ftbstuff:diamond_auto_hammer":10,"sophisticatedstorage:gold_chest":1,"minecraft:obsidian":66,"minecraft:stone_brick_wall":1,"sfm:water_tank":2,"minecraft:coal_block":8,"cognition:molecular_metamorpher":1,"minecraft:hopper":8,"minecraft:spawner":6,"chicken_roost:roost":8,"minecraft:cobbled_deepslate":6,"minecraft:fire":3,"mekanism:basic_logistical_transporter":22,"minecraft:cave_vines":1,"minecraft:blue_orchid":2,"minecraft:tripwire":7,"ars_nouveau:falseweave":1,"antiblocksrechiseled:bright_black":2045,"minecraft:brown_mushroom":1,"chicken_roost:seed_crop_4":43,"ftbunearthed:m_edge":1,"chicken_roost:seed_crop_5":42,"minecraft:amethyst_cluster":3,"ironfurnaces:iron_furnace":2,"ftbstuff:netherite_basalt_generator":1,"minecraft:torch":19,"minecraft:blast_furnace":2,"minecraft:melon":4,"ftbunearthed:m_face":5,"functionalstorage:compacting_drawer":1,"minecraft:sugar_cane":23,"ftbstuff:compressed_cobblestone":19,"minecraft:amethyst_block":47,"mekanism:advanced_logistical_transporter":2,"occultism:otherflower_natural":1,"minecraft:wheat":2,"oritech:item_pipe":8,"hostilenetworks:sim_chamber":1,"minecraft:deepslate":1292,"minecraft:suspicious_gravel":23,"sophisticatedstorage:iron_chest":3,"ae2:charger":1,"minecraft:crafter":2,"functionalstorage:oak_1":36,"mekanismgenerators:heat_generator":4,"ftbstuff:gold_auto_hammer":6,"minecraft:red_mushroom":1,"minecraft:moss_block":7,"minecraft:kelp":1,"minecraft:polished_blackstone_button":1,"minecraft:suspicious_sand":36,"minecraft:andesite":7,"ironchest:iron_chest":4,"mekanism:basic_pressurized_tube":9,"minecraft:bamboo":5,"chicken_roost:seed_crop_2":15,"mob_grinding_utils:saw":2,"enderio:crafter":1,"minecraft:lily_of_the_valley":2,"ftbstuff:iron_auto_hammer":8,"mekanism:basic_energy_cube":18,"minecraft:stone_brick_slab":1,"cognition:experience_obelisk":1,"minecraft:dandelion":2,"minecraft:cornflower":1,"minecraft:short_grass":73,"minecraft:tall_grass":22,"ars_nouveau:source_jar":5,"minecraft:diorite":1,"minecraft:cobblestone_wall":1,"custommachinery:custom_machine_block":2,"minecraft:gravel":47,"apotheosis:salvaging_table":1,"minecraft:black_shulker_box":1,"minecraft:oak_sapling":1,"minecraft:farmland":3,"minecraft:cobblestone_stairs":3,"minecraft:grass_block":3,"enderio:alloy_smelter":1,"ftbstuff:compressed_cobblestone_2":2,"immersiveengineering:resonanz_engineering":1,"minecraft:glowstone":1,"draconicevolution:generator":12,"minecraft:red_tulip":1,"minecraft:pointed_dripstone":1,"minecraft:azalea":2,"ae2:not_so_mysterious_cube":3,"mob_grinding_utils:fan":11,"minecraft:chest":1,"minecraft:cobblestone":693,"ars_nouveau:scribes_table":1,"minecraft:wall_torch":34,"ironchest:dirt_chest":1,"supplementaries:gravel_bricks":11,"chipped:cobblestone_scales":113,"minecraft:orange_tulip":1,"minecraft:oak_log":46,"minecraft:sand":9,"minecraft:dirt":57,"mekanism:basic_universal_cable":4,"minecraft:oak_leaves":10,"immersiveengineering:workbench":1,"mekanism:basic_mechanical_pipe":5,"immersiveengineering:cloche":18,"minecraft:lever":3,"minecraft:decorated_pot":1,"ftb:dry_leaves":2,"minecraft:furnace":1,"ae2:mysterious_cube":1,"mekanism:basic_fluid_tank":3,"ftbstuff:stone_cobblestone_generator":1,"minecraft:stone":16865,"metalbarrels:crystal_barrel":1,"minecraft:redstone_wall_torch":2,"chicken_roost:seed_crop_3":44,"tesseract:tesseract":2,"minecraft:flowering_azalea":1,"ars_nouveau:green_archwood_log":2,"utilitarian:snad":1,"chicken_roost:seed_crop_1":1,"minecraft:basalt":7,"minecraft:crafting_table":1,"oritech:item_pipe_connection":4,"minecraft:andesite_wall":1,"itemcollectors:basic_collector":1,"cookingforblockheads:sink":2,"minecraft:redstone_torch":1,"utilitarian:redstone_clock":7,"elevatorid:elevator_white":1},"minecraft:killed":{"minecraft:skeleton":32,"twilightforest:pinch_beetle":3,"minecraft:chicken":6,"minecraft:cat":6,"minecraft:goat":5,"irons_spellbooks:summoned_vex":2,"minecraft:zombie":25,"minecraft:cow":1,"twilightforest:quest_ram":11,"minecraft:rabbit":6,"minecraft:wandering_trader":12,"minecraft:enderman":14,"minecraft:witch":10,"minecraft:spider":19,"minecraft:bee":1,"minecraft:silverfish":14,"artifacts:mimic":1,"minecraft:wolf":4,"minecraft:pig":9,"minecraft:zombie_villager":6,"ars_nouveau:bookwyrm":1,"minecraft:creeper":9,"minecraft:slime":74,"minecraft:drowned":7,"minecraft:bat":4,"minecraft:wither_skeleton":2},"minecraft:killed_by":{"minecraft:pillager":1,"minecraft:vindicator":2,"minecraft:zombie":5,"minecraft:drowned":2,"minecraft:silverfish":1,"minecraft:witch":6,"minecraft:player":2,"minecraft:spider":2,"minecraft:enderman":2,"minecraft:skeleton":3},"minecraft:used":{"farmersdelight:mixed_salad":8,"ae2:charger":2,"mekanism:advanced_logistical_transporter":15,"minecraft:chest":11,"minecraft:stone":43,"mekanism:basic_logistical_transporter":152,"constructionstick:diamond_stick":73,"minecraft:crafter":2,"ironchest:iron_chest":6,"mekanism:basic_energy_cube":18,"minecraft:lava_bucket":9,"ars_nouveau:ritual_brazier":1,"itemcollectors:basic_collector":3,"metalbarrels:crystal_barrel":4,"chicken_roost:red_egg":8,"ftbstuff:compressed_cobblestone_2":2,"ironfurnaces:iron_furnace":2,"chicken_roost:yellow_egg":1,"utilitarian:sound_muffler":2,"minecraft:oak_sapling":8,"minecraft:furnace":1,"minecraft:egg":11,"ars_nouveau:green_archwood_log":2,"utilitarian:redstone_clock":9,"ironchest:dirt_chest":1,"minecraft:diorite":1,"occultism:datura_seeds":1,"enderio:loot_capacitor":1,"hostilenetworks:sim_chamber":1,"artifacts:eternal_steak":27,"ftbstuff:diamond_auto_hammer":13,"minecraft:oak_leaves":1,"minecraft:golden_apple":3,"elevatorid:elevator_white":2,"minecraft:sand":4,"minecraft:blast_furnace":2,"sophisticatedstorage:iron_to_diamond_tier_upgrade":1,"ftb:companion_cube":5,"ae2:entropy_manipulator":5,"immersiveengineering:hammer":1,"ftbstuff:iron_auto_hammer":6,"chicken_roost:chicken_food_tier_3":32,"ftb:test_cube":1,"sophisticatedstorage:basic_to_iron_tier_upgrade":1,"chicken_roost:chicken_food_tier_4":43,"gag:time_sand_pouch":85,"chicken_roost:trainer":2,"minecraft:diamond_sword":589,"ars_nouveau:enchanters_sword":168,"mob_grinding_utils:fan":19,"minecraft:smithing_table":1,"ae2:not_so_mysterious_cube":3,"chicken_roost:breeder":1,"minecraft:oak_trapdoor":1,"minecraft:stone_sword":132,"ars_nouveau:dominion_wand":36,"immersiveengineering:resonanz_engineering":1,"supplementaries:gravel_bricks":9,"minecraft:torch":235,"ftbstuff:stone_crook":13,"ironfurnaces:diamond_furnace":2,"immersiveengineering:workbench":3,"mekanismgenerators:heat_generator":7,"utilitarian:snad":2,"ftbstuff:iron_hammer":79,"ftbunearthed:core":9,"minecraft:melon_seeds":1,"chicken_roost:chicken_food_tier_5":42,"minecraft:basalt":4,"minecraft:glowstone":1,"ftbstuff:compressed_cobblestone":13,"minecraft:cobbled_deepslate":3,"minecraft:golden_axe":2,"minecraft:pointed_dripstone":2,"minecraft:wheat_seeds":12,"twilightforest:steeleaf_pickaxe":3,"minecraft:water_bucket":22,"justhammers:diamond_hammer":2768,"minecraft:campfire":1,"minecraft:diamond_pickaxe":1383,"enderio:crafter":1,"ftbstuff:dust":15,"ftbstuff:gold_auto_hammer":7,"minecraft:cobblestone":2627,"sophisticatedstorage:iron_chest":4,"oritech:machine_fluid_addon":1,"ftbstuff:stone_cobblestone_generator":2,"minecraft:brush":2,"oritech:item_pipe":9,"minecraft:decorated_pot":1,"mekanism:basic_fluid_tank":4,"minecraft:iron_sword":203,"bonsaitrees4:bonsaipot":1,"mekanism:basic_mechanical_pipe":8,"mekanism:basic_universal_cable":5,"minecraft:milk_bucket":1,"chancecubes:chance_cube":2,"farmersdelight:cutting_board":1,"minecraft:written_book":1,"tesseract:tesseract":2,"ars_nouveau:vitalic_sourcelink":1,"sophisticatedstorage:basic_to_gold_tier_upgrade":1,"ae2:mysterious_cube":1,"apotheosis:salvaging_table":1,"minecraft:stone_pickaxe":7,"sophisticatedstorage:diamond_to_netherite_tier_upgrade":3,"minecraft:diamond_axe":5,"minecraft:sugar_cane":5,"ars_nouveau:bookwyrm_charm":1,"chicken_roost:orange_egg":11,"ftbstuff:diamond_hammer":80,"ars_nouveau:agronomic_sourcelink":1,"minecraft:redstone_torch":6,"mob_grinding_utils:saw":3,"oritech:centrifuge_block":1,"minecraft:lever":15,"custommachinery:custom_machine_item":2,"mekanism:logistical_sorter":4,"minecraft:melon_slice":7,"minecraft:bread":98,"mekanism:metallurgic_infuser":1,"ftbunearthed:worker_token":5,"mekanism:basic_pressurized_tube":14,"minecraft:gravel":139,"functionalstorage:oak_1":44,"ftbunearthed:crude_brush":21,"minecraft:bone_meal":6,"cognition:experience_obelisk":2,"cookingforblockheads:sink":2,"apothic_enchanting:ender_lead":6,"irregular_implements:spectre_coil_number":2,"minecraft:flint_and_steel":3,"mekanism:configurator":154,"chicken_roost:chicken_food_tier_6":43,"minecraft:stone_hoe":6,"minecraft:cooked_chicken":4,"functionalstorage:configuration_tool":7,"sophisticatedstorage:gold_chest":1,"simpletomb:grave_key":34,"chicken_roost:roost":14,"gateways:gate_pearl":2,"minecraft:dirt":91,"ars_nouveau:ritual_flight":1,"minecraft:hopper":7,"ftbstuff:netherite_basalt_generator":1,"mekanism:alloy_infused":1,"chicken_roost:chicken_food_tier_1":1,"minecraft:iron_hoe":47,"functionalstorage:compacting_drawer":1,"minecraft:stone_brick_slab":2,"chicken_roost:chicken_stick":6,"draconicevolution:generator":12,"mob_grinding_utils:rotten_egg":1,"ars_nouveau:imbuement_chamber":3,"cognition:molecular_metamorpher":2,"simplyswords:soulstealer":3,"chipped:cobblestone_scales":61,"simplylight:wall_lamp":1,"immersiveengineering:cloche":21,"chicken_roost:c_vanilla":4,"mob_grinding_utils:dreadful_dirt":1,"minecraft:black_shulker_box":2,"minecraft:stonecutter":1,"ars_nouveau:source_jar":7,"craftingstation:crafting_station":1,"ftbstuff:stone_hammer":320,"justhammers:stone_hammer":453,"minecraft:golden_leggings":1,"minecraft:stone_axe":83,"enderio:alloy_smelter":2,"hostilenetworks:loot_fabricator":1,"minecraft:bucket":40,"chicken_roost:lava_egg":68,"minecraft:polished_blackstone_button":1,"ars_nouveau:scribes_table":2,"sfm:water_tank":4}},"DataVersion":3955}