{"stats":{"minecraft:killed_by":{"minecraft:pillager":1,"minecraft:vindicator":2,"minecraft:zombie":5,"minecraft:drowned":2,"minecraft:silverfish":1,"minecraft:witch":6,"minecraft:player":2,"minecraft:spider":2,"minecraft:enderman":6,"minecraft:skeleton":3},"minecraft:picked_up":{"ftbmaterials:aluminum_raw_ore":12,"apothic_enchanting:infused_hellshelf":17,"mob_grinding_utils:fan_upgrade_width":6,"minecraft:anvil":1,"minecraft:prismarine_shard":71,"ftbmaterials:steel_ingot":3,"minecraft:diamond_sword":1,"create:wrench":1,"cognition:molecular_metamorpher":1,"chicken_roost:c_light_gray":1,"minecraft:enchanted_book":1,"sophisticatedstorage:gold_chest":1,"minecraft:brewing_stand":1,"minecraft:amethyst_block":43,"irregular_implements:spectre_sapling":7,"minecraft:string":106,"mekanismgenerators:heat_generator":4,"petrock:raw_stoneium":11,"bonsaitrees4:bonsaipot":9,"chipped:cobblestone_scales":206,"minecraft:diamond_leggings":1,"mekanism:basic_universal_cable":13,"minecraft:gold_nugget":1,"minecraft:cobbled_deepslate":1232,"minecraft:crimson_fence":1,"chicken_roost:chicken_food_tier_2":104,"mekanism:logistical_sorter":4,"minecraft:melon_slice":27,"minecraft:coal_block":12,"ars_nouveau:falseweave":2,"mekanism:basic_logistical_transporter":41,"relics:elytra_booster":1,"minecraft:golden_helmet":2,"chicken_roost:chicken_food_tier_4":615,"chicken_roost:chicken_food_tier_3":2266,"apotheosis:rare_material":23,"minecraft:crimson_pressure_plate":1,"ftbstuff:compressed_cobblestone":16,"chicken_roost:chicken_stick":2,"minecraft:golden_axe":1,"twilightforest:fiery_boots":2,"mob_grinding_utils:saw":1,"oritech:item_pipe":21,"minecraft:rabbit_foot":1,"mob_grinding_utils:rotten_egg":1,"minecraft:stone_sword":1,"minecraft:red_tulip":2,"supplementaries:ash":1,"twilightforest:knightmetal_leggings":1,"apothic_enchanting:seashelf":10,"ars_nouveau:sourceberry_bush":1,"mekanism:basic_fluid_tank":3,"minecraft:snowball":41,"irons_spellbooks:teleportation_amulet":1,"minecraft:feather":73,"powah:dielectric_casing":1,"enderio:grains_of_infinity":65,"ftb:red_core":2,"trashcans:item_trash_can":1,"ae2:charged_certus_quartz_crystal":1,"ars_nouveau:scribes_table":1,"apothic_enchanting:deepshelf":3,"bhc:red_heart":9,"actuallyadditions:bats_wing":1,"minecraft:rabbit":6,"minecraft:diamond_helmet":1,"minecraft:glowstone_dust":8,"minecraft:moss_block":5,"enderio:dark_steel_ingot":2,"minecraft:honeycomb":5,"immersiveengineering:blueprint":1,"mekanism:metallurgic_infuser":1,"functionalstorage:compacting_drawer":3,"ftbstuff:gold_auto_hammer":6,"xycraft_world:xychorium_gem_red":4,"ae2:certus_quartz_crystal":8,"mekanism:resistive_heater":2,"ftbstuff:stone_cobblestone_generator":2,"minecraft:trapped_chest":1,"ars_nouveau:wilden_horn":1,"ftbstuff:netherite_basalt_generator":1,"ftb:stone_pebble":44,"mekanism:basic_mechanical_pipe":5,"minecraft:iron_hoe":1,"minecraft:angler_pottery_sherd":6,"cognition:experience_obelisk":1,"minecraft:lever":4,"ftb:companion_cube":1,"sophisticatedstorage:auto_smelting_upgrade":1,"ftb:diorite_pebble":2,"chicken_roost:chicken_food_tier_1":96,"minecraft:chainmail_helmet":1,"mekanism:advanced_energy_cube":10,"minecraft:bread":43,"ae2:certus_quartz_axe":1,"minecraft:light_blue_candle":6,"minecraft:suspicious_gravel":1,"ftbstuff:stone_rod":3,"sophisticatedbackpacks:gold_backpack":1,"minecraft:crafting_table":1,"functionalstorage:oak_2":3,"minecraft:nether_wart":23,"minecraft:clay_ball":539,"ae2:silicon_press":1,"twilightforest:arctic_helmet":1,"powah:energizing_rod_hardened":1,"minecraft:cornflower":1,"ftb:test_cube":1,"ae2:not_so_mysterious_cube":3,"industrialforegoing:mob_slaughter_factory":2,"apotheosis:common_material":26,"chicken_roost:c_red":2,"ftbmaterials:gold_chunk":78,"ftbunearthed:core":9,"custommachinery:custom_machine_item":2,"minecraft:beef":3,"minecraft:jungle_sapling":2,"ftb:andesite_pebble":8,"minecraft:poppy":1,"minecraft:chest":7,"minecraft:birch_sapling":16,"ironchest:dirt_chest":3,"minecraft:egg":86,"minecraft:polished_deepslate_slab":2,"minecraft:stone":50,"industrialforegoing:range_addon_tier_0":1,"ironchest:iron_chest":8,"minecraft:carrot":9,"minecraft:redstone":514,"tesseract:tesseract":3,"ars_nouveau:green_archwood_log":2,"minecraft:diamond_chestplate":2,"minecraft:beetroot_seeds":4,"immersiveengineering:cloche":19,"ftbmaterials:aluminum_chunk":183,"industrialforegoing:plant_gatherer":1,"minecraft:diamond_boots":1,"minecraft:hay_block":16,"irregular_implements:spectre_illuminator":1,"minecraft:gold_ingot":2,"minecraft:glow_berries":1,"minecraft:stripped_oak_log":1,"chicken_roost:lava_egg":88,"jags:grass_seed":1,"minecraft:red_mushroom":2,"minecraft:crafter":2,"ae2:fluix_crystal":12,"minecraft:oak_log":47,"twilightforest:knightmetal_boots":1,"functionalstorage:storage_controller":4,"relics:enders_hand":1,"chicken_roost:c_orange":1,"antiblocksrechiseled:bright_black":861,"minecraft:apple":3,"apothic_enchanting:ender_lead":1,"apotheosis:music_disc_flash":1,"minecraft:glass_bottle":3,"apotheosis:gem_dust":24,"minecraft:arms_up_pottery_sherd":11,"minecraft:iron_sword":1,"minecraft:flowering_azalea":2,"ars_nouveau:source_jar":6,"chicken_roost:chicken_food_tier_5":382,"oritech:packed_wheat":1,"minecraft:gravel":263,"laserio:card_item":1,"minecraft:spruce_sapling":16,"ftbmaterials:aluminum_cluster":37,"hostilenetworks:sim_chamber":1,"industrialforegoing:stasis_chamber":1,"create:shadow_steel":28,"cookingforblockheads:sink":2,"sophisticatedstorage:void_upgrade":1,"minecraft:slime_ball":497,"immersiveengineering:seed":12,"minecraft:stone_axe":1,"ftbmaterials:osmium_raw_ore":5,"ftbmaterials:tin_raw_ore":5,"minecraft:melon_seeds":1,"immersiveengineering:hammer":1,"minecraft:hopper":14,"minecraft:ender_pearl":59,"irons_spellbooks:scroll":2,"ars_nouveau:caster_tome":3,"minecraft:wheat":215,"minecraft:redstone_block":3,"minecraft:iron_trapdoor":1,"clavis:lock_pick":13,"utilitarian:redstone_clock":7,"justdirethings:portalgun":1,"minecraft:potion":138,"immersiveengineering:resonanz_engineering":5,"laserio:card_energy":3,"minecraft:raw_copper":12,"irons_spellbooks:heavy_chain_necklace":1,"chicken_roost:c_blue":1,"chicken_roost:breeder":1,"irons_spellbooks:arcane_essence":20,"minecraft:black_shulker_box":2,"minecraft:bucket":4,"chicken_roost:roost":9,"minecraft:redstone_torch":4,"minecraft:azalea":2,"chicken_roost:trainer":1,"minecraft:iron_pickaxe":3,"ftbmaterials:electrum_ingot":3,"minecraft:furnace":1,"pipez:improved_upgrade":1,"minecraft:stick":44,"apotheosis:gem":10,"ironchest:crystal_chest":2,"ftbmaterials:coal_tiny":3,"minecraft:torch":57,"ftbmaterials:tin_ingot":1,"minecraft:porkchop":21,"minecraft:crimson_button":1,"minecraft:diorite":1,"minecraft:pointed_dripstone":5,"ftbstuff:stone_crook":1,"powah:energizing_rod_blazing":2,"actuallyadditions:black_quartz":4,"supplementaries:flax":1,"ftbmaterials:tin_chunk":39,"draconicevolution:generator":22,"minecraft:quartz_block":1,"minecraft:cactus":12,"minecraft:rotten_flesh":229,"farmersdelight:tree_bark":1,"occultism:datura":1,"ftbmaterials:aluminum_ingot":4,"minecraft:suspicious_sand":7,"minecraft:obsidian":115,"ftbstuff:compressed_dust":12,"minecraft:blaze_powder":62,"minecraft:cobblestone":8564,"minecraft:nautilus_shell":1,"enderio:loot_capacitor":1,"occultism:datura_seeds":6,"irregular_implements:spectre_coil_ender":7,"minecraft:andesite":18,"minecraft:golden_leggings":2,"minecraft:potato":5,"twilightforest:arctic_chestplate":2,"supplementaries:flax_seeds":2,"minecraft:wither_skeleton_skull":1,"minecraft:lapis_lazuli":296,"minecraft:dirt":169,"ftbstuff:dust":1,"ftbstuff:diamond_auto_hammer":10,"ftbmaterials:osmium_cluster":60,"minecraft:leather_boots":1,"minecraft:bone":77,"minecraft:wheat_seeds":438,"itemcollectors:basic_collector":1,"minecraft:bow":5,"ars_nouveau:source_gem":9,"minecraft:orange_tulip":2,"minecraft:raw_gold":2,"ae2:logic_processor_press":1,"minecraft:bamboo":65,"minecraft:oak_planks":18,"ironfurnaces:iron_furnace":2,"mekanism:teleportation_core":1,"ae2:charger":1,"minecraft:sand":486,"minecraft:lily_of_the_valley":2,"ftbmaterials:iron_chunk":818,"ftbmaterials:osmium_chunk":207,"apothic_enchanting:hellshelf":15,"mob_grinding_utils:fan":6,"occultism:amethyst_dust":4,"artifacts:plastic_drinking_hat":1,"occultism:otherrock":64,"minecraft:sugar":14,"minecraft:diamond":166,"sophisticatedstorage:compacting_upgrade":1,"minecraft:polished_blackstone_pressure_plate":2,"minecraft:polished_blackstone_button":2,"chancecubes:chance_cube":12,"enderio:enderman_head":6,"minecraft:bone_meal":132,"mob_grinding_utils:tinted_glass":25,"minecraft:spruce_sign":2,"minecraft:emerald":93,"apotheosis:sigil_of_malice":8,"minecraft:oak_sapling":39,"minecraft:netherrack":1,"ars_nouveau:enchanters_sword":1,"ftbmaterials:silver_chunk":92,"functionalstorage:oak_1":55,"fluxnetworks:flux_dust":3,"minecraft:charcoal":2,"minecraft:chicken":8,"minecraft:brown_mushroom":1,"apotheosis:salvaging_table":2,"enderio:broken_spawner":4,"minecraft:chain":9,"irregular_implements:ectoplasm":6,"minecraft:brick":8,"ftbstuff:compressed_cobblestone_2":2,"minecraft:stone_stairs":6,"minecraft:oak_trapdoor":1,"ftb:portal_gun":2,"minecraft:moss_carpet":1,"ftbmaterials:copper_chunk":67,"functionalstorage:oak_4":3,"minecraft:blue_orchid":1,"minecraft:candle":72,"ftbmaterials:nickel_chunk":41,"metalbarrels:iron_barrel":1,"farmersdelight:straw":7,"irons_spellbooks:epic_ink":2,"immersiveengineering:workbench":1,"irons_spellbooks:lightning_bottle":2,"minecraft:tinted_glass":3,"minecraft:sugar_cane":480,"sophisticatedstorage:iron_chest":4,"minecraft:dark_oak_sapling":17,"minecraft:raw_iron":5,"mekanism:basic_pressurized_tube":14,"metalbarrels:crystal_barrel":4,"minecraft:copper_ingot":14,"mekanism:basic_energy_cube":21,"mob_grinding_utils:dreadful_dirt":1,"powah:reactor_basic":36,"ftb:purple_core":1,"minecraft:arrow":91,"ftbmaterials:obsidian_dust":11,"ars_nouveau:bookwyrm_charm":1,"irregular_implements:spectre_energy_injector":1,"ftbmaterials:lead_cluster":99,"ae2:calculation_processor_press":1,"enderio:alloy_smelter":1,"chicken_roost:c_ghasttear":1,"mob_grinding_utils:fan_upgrade_speed":24,"mekanism:advanced_logistical_transporter":2,"apotheosis:sigil_of_socketing":2,"powah:battery_blazing":1,"minecraft:basalt":9,"artifacts:eternal_steak":1,"minecraft:glow_ink_sac":5,"minecraft:leather":53,"minecraft:ice":6,"ftb:dry_leaves":15,"minecraft:gunpowder":167,"minecraft:cobblestone_stairs":3,"irons_spellbooks:common_ink":2,"ae2:entropy_manipulator":1,"chicken_roost:chicken_food_tier_6":236,"sfm:water_tank":2,"replication:replicator":1,"minecraft:rabbit_hide":4,"minecraft:iron_ingot":13,"irregular_implements:spectre_log":29,"supplementaries:gravel_bricks":217,"chicken_roost:c_vanilla":13,"minecraft:acacia_sapling":19,"minecraft:soul_sand":40,"ftbmaterials:osmium_ingot":10,"ftbunearthed:worker_token":13,"minecraft:brush":1,"minecraft:stone_brick_slab":1,"minecraft:quartz":253,"ars_nouveau:battlemage_boots":1,"minecraft:dandelion":2,"minecraft:dripstone_block":3,"apotheosis:uncommon_material":41,"ftbmaterials:zinc_cluster":70,"ars_nouveau:dominion_wand":1,"minecraft:amethyst_shard":48,"ftbmaterials:zinc_chunk":385,"apotheosis:music_disc_shimmer":1,"justhammers:stone_hammer":1,"minecraft:blast_furnace":2,"chicken_roost:c_lava":1,"irregular_implements:spectre_coil_number":22,"minecraft:spider_eye":101,"powah:energizing_rod_basic":1,"ftb:clapple":1,"ae2:guide":1,"minecraft:pumpkin_seeds":2,"utilitarian:snad":1,"ftbmaterials:lead_chunk":369,"minecraft:cherry_sapling":16,"ae2:engineering_processor_press":1,"ftbstuff:iron_auto_hammer":8,"powah:energy_cell_starter":1,"minecraft:coal":313,"enderio:crafter":1},"minecraft:mined":{"apothic_enchanting:seashelf":10,"ftbstuff:diamond_auto_hammer":10,"sophisticatedstorage:gold_chest":1,"minecraft:obsidian":114,"minecraft:stone_brick_wall":1,"sfm:water_tank":2,"minecraft:coal_block":8,"cognition:molecular_metamorpher":1,"minecraft:hopper":13,"minecraft:nether_wart":6,"minecraft:spawner":6,"industrialforegoing:plant_gatherer":1,"chicken_roost:roost":9,"minecraft:fire":4,"minecraft:cobbled_deepslate":6,"industrialforegoing:dissolution_chamber":1,"mekanism:basic_logistical_transporter":25,"minecraft:cave_vines":1,"irregular_implements:spectre_coil_number":13,"minecraft:blue_orchid":2,"minecraft:tripwire":7,"ars_nouveau:falseweave":1,"antiblocksrechiseled:bright_black":2045,"minecraft:brown_mushroom":1,"chicken_roost:seed_crop_4":43,"ftbunearthed:m_edge":1,"chicken_roost:seed_crop_5":42,"minecraft:amethyst_cluster":3,"irregular_implements:spectre_leaves":9,"ironfurnaces:iron_furnace":2,"ftbstuff:netherite_basalt_generator":1,"minecraft:torch":19,"minecraft:blast_furnace":2,"minecraft:melon":4,"ftbunearthed:m_face":8,"functionalstorage:compacting_drawer":3,"minecraft:sugar_cane":373,"ftbstuff:compressed_cobblestone":19,"minecraft:amethyst_block":47,"mekanism:advanced_logistical_transporter":2,"minecraft:tinted_glass":3,"occultism:otherflower_natural":1,"minecraft:wheat":2,"industrialforegoing:mob_slaughter_factory":4,"chicken_roost:seed_crop_6":9,"oritech:item_pipe":8,"hostilenetworks:sim_chamber":1,"minecraft:deepslate":1292,"minecraft:suspicious_gravel":36,"sophisticatedstorage:iron_chest":3,"powah:energizing_rod_hardened":1,"minecraft:crafter":2,"ae2:charger":1,"functionalstorage:oak_1":55,"mekanismgenerators:heat_generator":4,"ftbstuff:gold_auto_hammer":6,"mekanism:resistive_heater":2,"minecraft:kelp":1,"minecraft:moss_block":7,"minecraft:red_mushroom":1,"minecraft:polished_blackstone_button":1,"minecraft:suspicious_sand":58,"minecraft:andesite":7,"powah:reactor_basic":1,"ironchest:iron_chest":5,"mekanism:basic_pressurized_tube":9,"minecraft:bamboo":5,"mob_grinding_utils:saw":2,"chicken_roost:seed_crop_2":15,"enderio:crafter":1,"minecraft:lily_of_the_valley":2,"powah:energizing_rod_basic":1,"ftbstuff:iron_auto_hammer":8,"mekanism:basic_energy_cube":21,"minecraft:stone_brick_slab":1,"powah:energy_cell_starter":1,"cognition:experience_obelisk":1,"minecraft:dandelion":2,"minecraft:cornflower":1,"minecraft:short_grass":73,"minecraft:tall_grass":22,"ars_nouveau:source_jar":8,"minecraft:diorite":1,"minecraft:cobblestone_wall":1,"custommachinery:custom_machine_block":2,"irregular_implements:spectre_sapling":1,"chicken_roost:breeder":1,"minecraft:light_blue_candle":6,"minecraft:gravel":47,"apotheosis:salvaging_table":2,"ars_nouveau:imbuement_chamber":3,"minecraft:black_shulker_box":1,"industrialforegoing:stasis_chamber":1,"minecraft:oak_sapling":1,"minecraft:farmland":4,"apothic_enchanting:deepshelf":4,"minecraft:cobblestone_stairs":3,"minecraft:brewing_stand":1,"minecraft:grass_block":3,"enderio:alloy_smelter":1,"ftbstuff:compressed_cobblestone_2":2,"immersiveengineering:resonanz_engineering":2,"minecraft:glowstone":1,"draconicevolution:generator":22,"minecraft:anvil":1,"minecraft:red_tulip":1,"minecraft:pointed_dripstone":1,"mekanism:advanced_energy_cube":11,"ars_nouveau:enchanting_apparatus":1,"minecraft:azalea":2,"ae2:not_so_mysterious_cube":3,"mob_grinding_utils:tinted_glass":25,"mob_grinding_utils:fan":11,"irregular_implements:spectre_energy_injector":1,"minecraft:chest":2,"minecraft:cobblestone":835,"ars_nouveau:scribes_table":1,"minecraft:wall_torch":36,"ironchest:dirt_chest":1,"supplementaries:gravel_bricks":17,"chipped:cobblestone_scales":224,"minecraft:orange_tulip":1,"minecraft:oak_log":46,"minecraft:dirt":59,"minecraft:sand":9,"mekanism:basic_universal_cable":6,"minecraft:oak_leaves":10,"immersiveengineering:workbench":1,"trashcans:item_trash_can":1,"minecraft:candle":24,"apothic_enchanting:infused_hellshelf":17,"powah:energizing_rod_blazing":2,"immersiveengineering:cloche":19,"mekanism:basic_mechanical_pipe":5,"irregular_implements:spectre_log":29,"functionalstorage:oak_2":3,"minecraft:lever":3,"minecraft:decorated_pot":1,"ftb:dry_leaves":2,"minecraft:oak_trapdoor":1,"minecraft:furnace":1,"irregular_implements:spectre_coil_ender":7,"enderio:wall_enderman_head":6,"functionalstorage:oak_4":3,"ae2:mysterious_cube":1,"mekanism:basic_fluid_tank":3,"ftbstuff:stone_cobblestone_generator":1,"mekanism:logistical_sorter":4,"minecraft:stone":17617,"chicken_roost:seed_crop_3":44,"tesseract:tesseract":2,"minecraft:redstone_wall_torch":2,"metalbarrels:crystal_barrel":1,"apothic_enchanting:hellshelf":15,"minecraft:flowering_azalea":1,"ars_nouveau:green_archwood_log":2,"utilitarian:snad":1,"bonsaitrees4:bonsaipot":9,"functionalstorage:storage_controller":4,"chicken_roost:seed_crop_1":1,"minecraft:basalt":7,"minecraft:crafting_table":1,"oritech:item_pipe_connection":4,"minecraft:andesite_wall":1,"itemcollectors:basic_collector":1,"cookingforblockheads:sink":2,"minecraft:redstone_torch":1,"minecraft:ice":3,"utilitarian:redstone_clock":7,"elevatorid:elevator_white":1,"chicken_roost:trainer":1},"minecraft:crafted":{"hostilenetworks:nether_prediction":2,"functionalstorage:compacting_drawer":2,"gateways:gate_pearl":1,"immersiveengineering:hammer":1,"draconicevolution:disenchanter":1,"bhc:red_heart_canister":1,"mekanism:configurator":2,"ftbstuff:diamond_hammer":5,"ftbstuff:diamond_auto_hammer":3,"mekanism:advanced_energy_cube":1,"ftbmaterials:copper_wire":12,"chicken_roost:breeder":1,"ftbunearthed:reinforced_brush":2,"minecraft:lever":17,"mekanism:logistical_sorter":5,"ftbmaterials:copper_plate":40,"mekanismgenerators:heat_generator":1,"minecraft:nether_brick":64,"sophisticatedstorage:stack_upgrade_tier_1":2,"minecraft:bookshelf":29,"ftbmaterials:zinc_plate":1,"immersiveengineering:workbench":2,"irregular_implements:spectre_ingot":6,"minecraft:iron_bars":128,"minecraft:quartz_block":7,"sophisticatedbackpacks:smelting_upgrade":1,"minecraft:glass":18,"minecraft:diamond_helmet":1,"utilitarian:sound_muffler":2,"apothic_enchanting:dormant_deepshelf":4,"bhc:canister":1,"chicken_roost:chicken_food_tier_4":1,"cognition:cognitive_crystal":6,"powah:energizing_rod_starter":1,"functionalstorage:configuration_tool":1,"mob_grinding_utils:tinted_glass":88,"mekanism:energy_tablet":3,"sophisticatedstorage:auto_smelting_upgrade":1,"ars_nouveau:ring_of_potential":1,"ftbstuff:stone_cobblestone_generator":1,"powah:capacitor_basic_large":47,"minecraft:deepslate":0,"ftbmaterials:gold_gear":7,"enderio:basic_capacitor":1,"oritech:fluid_pipe":6,"sfm:water_tank":1,"oritech:centrifuge_block":1,"sophisticatedstorage:void_upgrade":4,"minecraft:diamond_axe":7,"powah:energizing_rod_niotic":1,"minecraft:prismarine_bricks":64,"immersiveengineering:slab_treated_wood_horizontal":54,"minecraft:raw_gold_block":2,"constructionstick:diamond_stick":1,"sophisticatedbackpacks:advanced_feeding_upgrade":1,"mob_grinding_utils:saw_upgrade_smite":10,"oritech:machine_core_1":1,"minecraft:smithing_table":4,"ars_nouveau:source_jar":3,"minecraft:clock":1,"minecraft:copper_ingot":1,"craftingstation:crafting_station":1,"tempad:chronon_cell":1,"mekanism:advanced_thermodynamic_conductor":8,"mob_grinding_utils:fan_upgrade_width":19,"industrialforegoing:dissolution_chamber":1,"minecraft:lava_bucket":1,"minecraft:cracked_deepslate_tiles":0,"minecraft:campfire":1,"minecraft:polished_deepslate_slab":18,"bhc:yellow_heart_patch":1,"cognition:cognitive_amalgam":4,"chicken_roost:chicken_food_tier_5":1,"bhc:yellow_heart":1,"oritech:motor":2,"minecraft:chiseled_deepslate":9,"ftbmaterials:platinum_ingot":0,"minecraft:stone_slab":48,"chicken_roost:chicken_food_tier_6":1,"minecraft:iron_pickaxe":2,"minecraft:iron_block":7,"minecraft:gold_ingot":15,"minecraft:sandstone":4,"minecraft:light_gray_dye":30,"minecraft:netherite_ingot":5,"minecraft:composter":17,"minecraft:fire_charge":12,"powah:capacitor_blazing":2,"powah:capacitor_basic_tiny":64,"cognition:astute_assembly":4,"tempad:chronon_generator":1,"ars_nouveau:arcane_pedestal":1,"ftbmaterials:lead_plate":4,"mekanism:basic_logistical_transporter":128,"oritech:magnetic_coil":8,"powah:dielectric_casing":38,"draconicevolution:generator":2,"minecraft:leather_leggings":1,"ars_nouveau:ritual_flight":1,"mob_grinding_utils:saw_upgrade_fire":10,"sophisticatedstorage:advanced_compacting_upgrade":1,"minecraft:iron_nugget":54,"minecraft:tinted_glass":30,"minecraft:bone_meal":522,"sophisticatedstorage:advanced_void_upgrade":3,"irregular_implements:stable_ender_pearl":5,"ftbstuff:stone_rod":4,"minecraft:quartz":12,"irregular_implements:spectre_coil_ender":1,"functionalstorage:linking_tool":1,"mekanism:basic_pressurized_tube":8,"industrialforegoing:plant_gatherer":1,"bhc:red_heart_melted":0,"extendedae:quartz_blend":6,"minecraft:terracotta":0,"sophisticatedbackpacks:advanced_void_upgrade":1,"minecraft:diamond":306,"sophisticatedstorage:upgrade_base":9,"minecraft:polished_diorite":4,"utilitarian:snad":1,"powah:reactor_basic":36,"chicken_roost:red_egg":32,"minecraft:stone_pickaxe":1,"immersiveengineering:treated_fence":3,"minecraft:redstone_block":10,"minecraft:lead":1,"minecraft:golden_helmet":20,"ars_nouveau:vitalic_sourcelink":1,"irregular_implements:spectre_lens":1,"minecraft:wheat":144,"powah:dielectric_paste":288,"sophisticatedstorage:diamond_to_netherite_tier_upgrade":5,"minecraft:purple_stained_glass_pane":8,"minecraft:enchanting_table":2,"functionalstorage:oak_4":4,"ftbmaterials:zinc_ingot":9,"itemcollectors:basic_collector":1,"minecraft:leather_helmet":1,"functionalstorage:oak_2":2,"industrialforegoing:mob_imprisonment_tool":1,"minecraft:deepslate_tiles":28,"mob_grinding_utils:saw":2,"minecraft:orange_dye":20,"immersiveengineering:blueprint":2,"hostilenetworks:prediction_matrix":176,"ars_nouveau:sourcestone":16,"powah:energy_cell_starter":1,"functionalstorage:diamond_upgrade":22,"minecraft:cobblestone":102,"ftbstuff:iron_auto_hammer":3,"ftbmaterials:lead_ingot":1,"minecraft:flint":66,"replication:replicator_enclosure":1,"mekanism:basic_mechanical_pipe":16,"functionalstorage:storage_controller":1,"powah:capacitor_basic":128,"minecraft:note_block":2,"ftbstuff:compressed_stone":6,"ftbmaterials:osmium_ingot":3,"ae2:fluix_pearl":1,"industrialforegoing:plastic":0,"mob_grinding_utils:fan":9,"minecraft:brick":0,"gag:time_sand_pouch":1,"industrialforegoing:marine_fisher":1,"createaddition:capacitor":1,"minecraft:oak_planks":452,"utilitarian:redstone_clock":28,"ftbstuff:gold_hammer":4,"apothic_enchanting:flimsy_ender_lead":1,"ars_nouveau:archwood_planks":2052,"bhc:heart_amulet":1,"apothic_enchanting:blazing_hellshelf":4,"ftbmaterials:nickel_ingot":0,"powah:reactor_starter":36,"cognition:cognitive_alloy":12,"minecraft:stone":12,"mob_grinding_utils:tank":1,"ftbunearthed:core":5,"immersiveengineering:cloche":3,"immersiveengineering:resonanz_engineering":4,"ftbmaterials:diamond_gear":8,"minecraft:hopper":3,"minecraft:stone_brick_slab":84,"bonsaitrees4:bonsaipot":11,"ftbmaterials:silver_ingot":0,"ftbunearthed:crude_brush":2,"chicken_roost:roost":9,"justhammers:diamond_hammer":5,"functionalstorage:gold_upgrade":22,"minecraft:chest":186,"immersiveengineering:treated_wood_horizontal":24,"powah:energizing_rod_basic":1,"minecraft:copper_block":44,"cognition:accelerator":4,"mekanism:basic_fluid_tank":1,"minecraft:chiseled_stone_bricks":41,"mekanism:elite_control_circuit":2,"minecraft:stone_hoe":1,"minecraft:ender_eye":2,"minecraft:stone_bricks":44,"powah:energizing_rod_hardened":1,"oritech:packed_wheat":8,"minecraft:ghast_tear":3,"mekanism:advanced_logistical_transporter":8,"ftbstuff:stone_crook":1,"chicken_roost:orange_egg":20,"ftbmaterials:aluminum_ingot":59,"minecraft:oak_slab":90,"sophisticatedbackpacks:backpack":1,"powah:capacitor_niotic":2,"chicken_roost:blue_egg":4,"minecraft:crafting_table":2,"ftbstuff:gold_auto_hammer":4,"ftbmaterials:iron_gear":6,"minecraft:iron_helmet":19,"minecraft:brush":24,"immersiveengineering:cokebrick":27,"minecraft:gold_block":69,"sophisticatedbackpacks:feeding_upgrade":1,"sophisticatedbackpacks:upgrade_base":1,"ars_nouveau:ritual_brazier":1,"sophisticatedstorage:copper_to_gold_tier_upgrade":3,"farmersdelight:cutting_board":1,"oritech:machine_fluid_addon":1,"minecraft:book":153,"minecraft:purple_dye":9,"minecraft:paper":468,"minecraft:charcoal":0,"minecraft:diamond_pickaxe":1,"mekanism:steel_casing":1,"powah:capacitor_hardened":2,"ftbstuff:iron_hammer":3,"minecraft:light_weighted_pressure_plate":1,"xycraft_world:glass_viewer_reinforced":36,"minecraft:stick":344,"minecraft:iron_ingot":185,"minecraft:leather_chestplate":1,"minecraft:snow_block":1,"mekanism:resistive_heater":1,"sophisticatedstorage:copper_to_diamond_tier_upgrade":3,"immersiveengineering:stick_treated":12,"minecraft:redstone_torch":71,"bhc:yellow_heart_melted":8,"sophisticatedstorage:smelting_upgrade":1,"cognition:molecular_metamorpher":1,"ars_nouveau:scribes_table":1,"minecraft:deepslate_bricks":28,"irregular_implements:spectre_string":24,"ae2:charger":1,"powah:energizing_rod_blazing":1,"minecraft:cobbled_deepslate_slab":18,"irregular_implements:spectre_charger_ender":1,"minecraft:redstone":18,"mekanism:basic_universal_cable":40,"minecraft:coal":198,"minecraft:fishing_rod":1,"minecraft:leather_boots":1,"ftbmaterials:aluminum_plate":4,"industrialforegoing:stasis_chamber":1,"minecraft:furnace":9,"minecraft:piston":10,"apotheosis:salvaging_table":2,"irregular_implements:spectre_coil_basic":1,"irregular_implements:spectre_coil_redstone":1,"ars_nouveau:archwood_slab":24,"constructionstick:iron_stick":1,"minecraft:oak_trapdoor":70,"minecraft:diamond_block":64,"minecraft:glass_pane":64,"minecraft:flint_and_steel":46,"ars_nouveau:source_gem_block":2,"enderio:crafter":1,"mekanism:elite_thermodynamic_conductor":8,"apotheosis:iron_upgrade_smithing_template":2,"mob_grinding_utils:saw_upgrade_looting":10,"minecraft:polished_deepslate":36,"minecraft:iron_axe":6,"irregular_implements:spectre_charger_basic":1,"minecraft:iron_hoe":1,"replication:replica_ingot":0,"cognition:cognitive_flux":80,"oritech:machine_core_2":2,"apothic_enchanting:seashelf":10,"immersiveengineering:component_iron":4,"trashcans:item_trash_can":1,"irregular_implements:spectre_charger_redstone":1,"functionalstorage:oak_1":44,"powah:dielectric_rod_horizontal":118,"sophisticatedstorage:copper_to_iron_tier_upgrade":3,"ars_nouveau:agronomic_sourcelink":1,"minecraft:glistering_melon_slice":2,"sophisticatedbackpacks:iron_backpack":1,"minecraft:sugar":2,"minecraft:red_dye":32,"immersiveengineering:basic_engineering":4,"create:andesite_alloy":27,"minecraft:diamond_sword":1,"ftbmaterials:steel_ingot":2,"mob_grinding_utils:saw_upgrade_sharpness":10,"enderio:void_chassis":2,"mekanism:metallurgic_infuser":1,"minecraft:amethyst_shard":60,"apothic_enchanting:hellshelf":16,"ars_nouveau:imbuement_chamber":3,"chicken_roost:light_gray_egg":30,"enderio:alloy_smelter":1,"ftbmaterials:dimensional_shard_gem":4,"sophisticatedstorage:iron_to_gold_tier_upgrade":2,"mob_grinding_utils:spikes":4,"minecraft:iron_sword":58,"minecraft:nether_bricks":103,"industrialforegoing:machine_frame_pity":3,"mob_grinding_utils:saw_upgrade_arthropod":10,"sophisticatedstorage:compacting_upgrade":2,"minecraft:bucket":20,"irregular_implements:spectre_energy_injector":1,"minecraft:stone_axe":2,"ftbmaterials:iron_plate":24,"apotheosis:gem_fused_slate":8,"minecraft:air":0,"minecraft:bread":211,"mekanism:basic_thermodynamic_conductor":8,"ftbstuff:stone_hammer":3,"minecraft:blue_dye":73,"powah:dielectric_rod":98,"cognition:mending_neurogel":2,"apothic_enchanting:echoing_deepshelf":3,"functionalstorage:copper_upgrade":22,"minecraft:white_wool":1,"minecraft:white_dye":65,"justhammers:stone_hammer":6,"minecraft:gold_nugget":423,"mob_grinding_utils:fan_upgrade_speed":51,"sophisticatedstorage:iron_to_diamond_tier_upgrade":2,"immersiveengineering:sheetmetal_lead":4,"industrialforegoing:mob_slaughter_factory":1,"mekanism:advanced_control_circuit":3,"minecraft:anvil":1,"mekanism:ultimate_thermodynamic_conductor":8,"minecraft:andesite":128,"mob_grinding_utils:saw_upgrade_beheading":10,"minecraft:acacia_planks":4,"minecraft:end_crystal":1,"minecraft:torch":284,"cookingforblockheads:sink":1,"draconicevolution:draconium_core":3,"minecraft:lapis_lazuli":333,"minecraft:clay":5,"ironchest:iron_chest":1,"minecraft:diamond_chestplate":1,"immersiveengineering:craftingtable":2,"bhc:relic_apple":1},"minecraft:killed":{"minecraft:skeleton":35,"twilightforest:pinch_beetle":3,"minecraft:chicken":6,"minecraft:cat":7,"minecraft:goat":5,"irons_spellbooks:summoned_vex":2,"minecraft:zombie":26,"minecraft:cow":1,"ars_nouveau:ally_vex":1,"twilightforest:quest_ram":11,"minecraft:rabbit":7,"minecraft:wandering_trader":14,"minecraft:enderman":25,"minecraft:witch":10,"minecraft:spider":19,"minecraft:bee":1,"minecraft:silverfish":14,"artifacts:mimic":1,"minecraft:wolf":6,"minecraft:pig":9,"minecraft:zombie_villager":9,"ars_nouveau:bookwyrm":1,"minecraft:creeper":10,"minecraft:bogged":1,"minecraft:slime":78,"minecraft:phantom":1,"minecraft:drowned":7,"minecraft:bat":4,"minecraft:wither_skeleton":3},"minecraft:used":{"powah:reactor_basic":1,"farmersdelight:mixed_salad":8,"ae2:charger":2,"minecraft:suspicious_sand":1,"functionalstorage:linking_tool":12,"trashcans:item_trash_can":1,"mekanism:advanced_logistical_transporter":17,"minecraft:chest":12,"minecraft:stone":43,"mekanism:basic_logistical_transporter":221,"minecraft:soul_sand":5,"industrialforegoing:mob_slaughter_factory":4,"constructionstick:diamond_stick":73,"ftbstuff:fusing_machine":1,"minecraft:crafter":2,"ironchest:iron_chest":7,"mekanism:basic_energy_cube":20,"minecraft:lava_bucket":9,"ars_nouveau:ritual_brazier":1,"apothic_enchanting:blazing_hellshelf":4,"itemcollectors:basic_collector":3,"metalbarrels:crystal_barrel":4,"chicken_roost:red_egg":8,"ftbstuff:compressed_cobblestone_2":2,"ironfurnaces:iron_furnace":2,"chicken_roost:yellow_egg":1,"utilitarian:sound_muffler":2,"minecraft:furnace":1,"minecraft:oak_sapling":9,"minecraft:egg":11,"ars_nouveau:green_archwood_log":2,"utilitarian:redstone_clock":9,"ironchest:dirt_chest":1,"minecraft:diorite":1,"occultism:datura_seeds":1,"enderio:loot_capacitor":1,"hostilenetworks:sim_chamber":2,"artifacts:eternal_steak":73,"ftbstuff:diamond_auto_hammer":13,"minecraft:oak_leaves":1,"elevatorid:elevator_white":2,"minecraft:golden_apple":3,"mob_grinding_utils:tinted_glass":104,"minecraft:sand":4,"apothic_enchanting:seashelf":17,"minecraft:blast_furnace":2,"sophisticatedstorage:iron_to_diamond_tier_upgrade":1,"mob_grinding_utils:tank":1,"ftb:companion_cube":5,"ae2:entropy_manipulator":50,"mekanism:advanced_energy_cube":13,"immersiveengineering:hammer":1,"draconicevolution:disenchanter":1,"ftbstuff:iron_auto_hammer":6,"chicken_roost:chicken_food_tier_3":32,"ftb:test_cube":1,"sophisticatedstorage:basic_to_iron_tier_upgrade":1,"irregular_implements:spectre_illuminator":1,"powah:energy_cell_starter":1,"chicken_roost:chicken_food_tier_4":43,"gag:time_sand_pouch":130,"chicken_roost:trainer":2,"industrialforegoing:dissolution_chamber":2,"minecraft:diamond_sword":589,"ars_nouveau:enchanters_sword":332,"mob_grinding_utils:fan":19,"irregular_implements:spectre_log":2,"minecraft:smithing_table":2,"ae2:not_so_mysterious_cube":3,"chicken_roost:breeder":1,"minecraft:oak_trapdoor":10,"minecraft:enchanting_table":1,"minecraft:stone_sword":132,"powah:energizing_orb":1,"ars_nouveau:dominion_wand":39,"minecraft:tinted_glass":3,"immersiveengineering:resonanz_engineering":2,"supplementaries:gravel_bricks":9,"minecraft:torch":239,"minecraft:brewing_stand":1,"minecraft:anvil":2,"ftbstuff:stone_crook":13,"apothic_enchanting:hellshelf":15,"ironfurnaces:diamond_furnace":2,"immersiveengineering:workbench":3,"mekanismgenerators:heat_generator":8,"utilitarian:snad":2,"ftbstuff:iron_hammer":79,"ftbunearthed:core":14,"minecraft:melon_seeds":1,"chicken_roost:chicken_food_tier_5":42,"minecraft:basalt":4,"minecraft:glowstone":1,"ftbstuff:compressed_cobblestone":13,"minecraft:cobbled_deepslate":3,"minecraft:golden_axe":2,"minecraft:pointed_dripstone":2,"minecraft:wheat_seeds":12,"twilightforest:steeleaf_pickaxe":3,"minecraft:water_bucket":31,"irregular_implements:spectre_energy_injector":1,"justhammers:diamond_hammer":3157,"powah:energizing_rod_blazing":2,"minecraft:campfire":1,"minecraft:light_blue_candle":6,"minecraft:diamond_pickaxe":1383,"minecraft:iron_pickaxe":3,"enderio:crafter":1,"irregular_implements:spectre_coil_ender":7,"ftbstuff:dust":15,"chicken_roost:light_gray_egg":14,"ftbstuff:gold_auto_hammer":7,"minecraft:cobblestone":2848,"chicken_roost:blue_egg":2,"sophisticatedstorage:iron_chest":4,"oritech:machine_fluid_addon":1,"ftbstuff:stone_cobblestone_generator":2,"minecraft:brush":2,"mekanism:resistive_heater":2,"minecraft:candle":84,"oritech:item_pipe":9,"mekanism:basic_fluid_tank":6,"minecraft:decorated_pot":1,"minecraft:nether_wart":7,"minecraft:iron_sword":203,"bonsaitrees4:bonsaipot":20,"mekanism:basic_mechanical_pipe":14,"functionalstorage:oak_2":3,"mekanism:basic_universal_cable":36,"minecraft:milk_bucket":1,"irregular_implements:spectre_sapling":4,"chancecubes:chance_cube":2,"farmersdelight:cutting_board":1,"minecraft:written_book":1,"tesseract:tesseract":2,"ars_nouveau:vitalic_sourcelink":1,"apothic_enchanting:infused_hellshelf":23,"sophisticatedstorage:basic_to_gold_tier_upgrade":1,"apotheosis:salvaging_table":2,"ae2:mysterious_cube":1,"apothic_enchanting:deepshelf":4,"industrialforegoing:mob_imprisonment_tool":2,"twilightforest:fiery_sword":150,"minecraft:stone_pickaxe":7,"sophisticatedstorage:diamond_to_netherite_tier_upgrade":3,"minecraft:sugar_cane":7,"minecraft:diamond_axe":28,"industrialforegoing:marine_fisher":1,"ars_nouveau:bookwyrm_charm":1,"chicken_roost:orange_egg":11,"ftbstuff:diamond_hammer":80,"ars_nouveau:agronomic_sourcelink":1,"functionalstorage:storage_controller":4,"minecraft:redstone_torch":6,"ars_nouveau:enchanting_apparatus":2,"mob_grinding_utils:saw":3,"oritech:centrifuge_block":1,"minecraft:lever":15,"custommachinery:custom_machine_item":2,"minecraft:melon_slice":7,"mekanism:logistical_sorter":11,"minecraft:bread":98,"mekanism:metallurgic_infuser":1,"ftbunearthed:worker_token":8,"mekanism:basic_pressurized_tube":14,"minecraft:gravel":139,"apothic_enchanting:library":1,"functionalstorage:oak_1":75,"ftbunearthed:crude_brush":21,"minecraft:bone_meal":6,"cookingforblockheads:sink":2,"cognition:experience_obelisk":2,"apothic_enchanting:ender_lead":6,"irregular_implements:spectre_coil_number":26,"minecraft:flint_and_steel":3,"mekanism:configurator":265,"enderio:enderman_head":6,"chicken_roost:chicken_food_tier_6":45,"minecraft:stone_hoe":6,"minecraft:cooked_chicken":4,"functionalstorage:configuration_tool":28,"sophisticatedstorage:gold_chest":1,"simpletomb:grave_key":38,"chicken_roost:roost":16,"gateways:gate_pearl":3,"minecraft:dirt":94,"ars_nouveau:ritual_flight":1,"minecraft:hopper":13,"ftbstuff:netherite_basalt_generator":1,"mekanism:alloy_infused":35,"minecraft:iron_hoe":47,"chicken_roost:chicken_food_tier_1":1,"minecraft:stone_brick_slab":2,"functionalstorage:compacting_drawer":4,"chicken_roost:chicken_stick":7,"draconicevolution:generator":24,"mob_grinding_utils:rotten_egg":1,"apothic_enchanting:echoing_deepshelf":3,"ars_nouveau:imbuement_chamber":5,"cognition:molecular_metamorpher":2,"ae2:certus_quartz_axe":27,"simplyswords:soulstealer":3,"simplylight:wall_lamp":1,"chipped:cobblestone_scales":84,"immersiveengineering:cloche":22,"chicken_roost:c_vanilla":4,"minecraft:glass_bottle":89,"mob_grinding_utils:dreadful_dirt":1,"industrialforegoing:stasis_chamber":2,"minecraft:black_shulker_box":2,"minecraft:stonecutter":1,"powah:energizing_rod_hardened":1,"powah:energizing_rod_niotic":1,"functionalstorage:oak_4":4,"craftingstation:crafting_station":1,"ars_nouveau:source_jar":9,"ftbstuff:stone_hammer":320,"justhammers:stone_hammer":453,"minecraft:golden_leggings":1,"minecraft:stone_axe":97,"enderio:alloy_smelter":2,"powah:energizing_rod_basic":1,"hostilenetworks:loot_fabricator":1,"minecraft:fishing_rod":8,"minecraft:bucket":50,"industrialforegoing:plant_gatherer":2,"minecraft:polished_blackstone_button":1,"chicken_roost:lava_egg":116,"ars_nouveau:scribes_table":2,"sfm:water_tank":4},"minecraft:broken":{"minecraft:diamond_helmet":1,"minecraft:chainmail_boots":1,"ftbstuff:stone_hammer":3,"minecraft:stone_sword":1,"ftbunearthed:crude_brush":1,"minecraft:leather_leggings":1,"minecraft:golden_leggings":1},"minecraft:custom":{"minecraft:interact_with_crafting_table":18,"minecraft:open_barrel":222,"minecraft:leave_game":10,"minecraft:time_since_death":47034,"chancecubes:opened_chance_cube":2,"minecraft:play_time":2360081,"minecraft:deaths":30,"minecraft:jump":10749,"minecraft:enchant_item":34,"minecraft:interact_with_furnace":39,"minecraft:damage_dealt":59571,"minecraft:interact_with_smithing_table":10,"minecraft:interact_with_anvil":2,"minecraft:inspect_hopper":72,"minecraft:damage_dealt_absorbed":62,"minecraft:sneak_time":105436,"minecraft:interact_with_blast_furnace":18,"minecraft:total_world_time":2360081,"apotheosis:world_tiers_activated":3,"minecraft:interact_with_stonecutter":13,"minecraft:time_since_rest":47058,"minecraft:swim_one_cm":5559,"minecraft:fly_one_cm":5508516,"minecraft:open_chest":2073,"minecraft:fall_one_cm":249903,"minecraft:animals_bred":8,"minecraft:open_shulker_box":5,"constructionstick:use_stick":562,"minecraft:damage_resisted":1614,"minecraft:sprint_one_cm":1638516,"minecraft:drop":164,"minecraft:talked_to_villager":34,"minecraft:interact_with_brewingstand":50,"minecraft:walk_on_water_one_cm":39227,"minecraft:crouch_one_cm":342587,"minecraft:mob_kills":345,"minecraft:interact_with_campfire":33,"minecraft:damage_dealt_resisted":42,"minecraft:climb_one_cm":14275,"minecraft:walk_one_cm":3838360,"gateways:gates_defeated":4,"minecraft:walk_under_water_one_cm":36322,"minecraft:boat_one_cm":856,"minecraft:damage_taken":21982,"minecraft:damage_absorbed":120,"minecraft:trigger_trapped_chest":5},"minecraft:dropped":{"oritech:packed_wheat":1,"occultism:datura_seeds":1,"minecraft:diamond":31,"create:cogwheel":2,"minecraft:red_mushroom":2,"chicken_roost:c_ghasttear":1,"minecraft:sand":389,"minecraft:iron_pickaxe":1,"mekanism:free_runners":1,"minecraft:rotten_flesh":3,"chicken_roost:c_red":1,"minecraft:hopper":1,"create:wrench":1,"farmersdelight:mixed_salad":7,"ftbunearthed:worker_token":1,"minecraft:egg":1,"minecraft:iron_ingot":18,"ftbmaterials:steel_ingot":13,"occultism:datura":1,"minecraft:cobblestone":158,"clavis:lock_pick":13,"sophisticatedstorage:copper_to_diamond_tier_upgrade":3,"minecraft:potion":18,"chicken_roost:c_vanilla":4,"ftb:red_core":2,"minecraft:clay_ball":64,"minecraft:diamond_sword":1,"minecraft:stone":49,"ftb:companion_cube":1,"ae2:entropy_manipulator":1,"minecraft:oak_log":7,"ftb:portal_gun":2,"minecraft:leather":3,"mekanism:basic_logistical_transporter":2,"apothic_enchanting:ender_lead":1,"create:large_cogwheel":3,"minecraft:gold_ingot":3,"minecraft:gravel":66,"ftbmaterials:obsidian_dust":44,"ftbmaterials:nickel_ingot":3,"ae2:charged_certus_quartz_crystal":6,"antiblocksrechiseled:bright_black":1373,"justhammers:stone_hammer":1,"minecraft:gunpowder":3,"immersiveengineering:resonanz_engineering":6,"minecraft:arrow":5,"minecraft:quartz":320,"ars_nouveau:dominion_wand":1,"chicken_roost:chicken_food_tier_3":3,"chicken_roost:chicken_food_tier_1":94,"ftbstuff:stone_cobblestone_generator":1,"ftb:purple_core":1,"minecraft:diorite":64,"minecraft:torch":48,"minecraft:redstone":126,"apothic_enchanting:flimsy_ender_lead":1,"ars_nouveau:enchanters_sword":1,"minecraft:iron_hoe":1,"minecraft:stripped_oak_log":1,"minecraft:diamond_chestplate":1,"minecraft:andesite":11,"ftbstuff:compressed_dust":12}},"DataVersion":3955}