{"stats":{"minecraft:dropped":{"minecraft:moss_block":2,"minecraft:brown_mushroom":9,"minecraft:wheat_seeds":1,"minecraft:glow_ink_sac":12,"minecraft:diamond":27,"minecraft:glass_bottle":1,"minecraft:cobblestone":1638,"minecraft:crafter":1,"create:cogwheel":3,"minecraft:polished_blackstone_button":6,"minecraft:red_mushroom":7,"minecraft:black_shulker_box":1,"minecraft:chain":1,"minecraft:sand":4,"create:large_cogwheel":1,"minecraft:string":1,"enderio:broken_spawner":2,"create:shaft":5,"minecraft:golden_chestplate":1,"minecraft:pointed_dripstone":1,"minecraft:rotten_flesh":15,"minecraft:stone_slab":1,"minecraft:stone_stairs":10,"antiblocksrechiseled:bright_black":999,"immersiveengineering:cokebrick":3,"chicken_roost:c_netherstar":1,"minecraft:gunpowder":1,"minecraft:andesite":2,"oritech:item_pipe":16,"apotheosis:gem":1,"minecraft:leather_leggings":1,"minecraft:basalt":9,"minecraft:scaffolding":1,"immersiveengineering:seed":1},"minecraft:picked_up":{"ironfurnaces:netherite_furnace":1,"oritech:duratium_ingot":2,"fluxnetworks:flux_dust":1,"minecraft:charcoal":2,"minecraft:clay_ball":121,"minecraft:flower_pot":1,"minecraft:leather_leggings":1,"minecraft:smithing_table":1,"minecraft:brown_mushroom":19,"minecraft:stone_slab":1,"minecraft:enchanted_book":1,"minecraft:stone_brick_stairs":1,"enderio:broken_spawner":11,"ars_nouveau:amplify_arrow":25,"minecraft:string":32,"minecraft:stone_stairs":11,"minecraft:black_shulker_box":1,"minecraft:cobbled_deepslate":8,"minecraft:comparator":3,"ars_nouveau:starbuncle_shards":1,"minecraft:azalea":1,"minecraft:chest":1,"minecraft:beehive":3,"apotheosis:gem":4,"industrialforegoing:fluid_transporter_type":3,"minecraft:torch":3,"minecraft:pointed_dripstone":4,"minecraft:diorite":1,"minecraft:redstone":29,"minecraft:golden_chestplate":1,"minecraft:tnt":4,"minecraft:diamond_chestplate":1,"minecraft:arrow":6,"minecraft:rotten_flesh":36,"projecte:alchemical_coal":2,"farmersdelight:milk_bottle":1,"ars_nouveau:whirlisprig_shards":1,"ars_nouveau:sourceberry_bush":3,"supplementaries:ash":1,"minecraft:snowball":1,"minecraft:cobblestone":2298,"industrialforegoing:item_transporter_type":2,"minecraft:basalt":9,"minecraft:golden_carrot":5,"minecraft:glow_ink_sac":4,"minecraft:andesite":10,"minecraft:red_mushroom":12,"ars_nouveau:wilden_wing":1,"enderio:hardened_conduit_facade":2,"minecraft:gunpowder":5,"minecraft:lapis_lazuli":1,"minecraft:white_banner":1,"minecraft:name_tag":1,"antiblocksrechiseled:bright_black":1592,"bhc:red_heart":1,"ae2:sky_dust":1,"minecraft:bone":8,"minecraft:bow":3,"minecraft:wheat_seeds":2,"minecraft:iron_ingot":6,"minecraft:glowstone_dust":2,"minecraft:glass_bottle":2,"minecraft:moss_block":2,"minecraft:book":4,"minecraft:scaffolding":1,"minecraft:chiseled_stone_bricks":1,"projecte:mobius_fuel":1,"minecraft:sand":81,"minecraft:trapped_chest":2,"justhammers:diamond_hammer":1,"minecraft:spider_eye":3,"minecraft:barrel":1,"minecraft:sugar":4,"minecraft:diamond":30,"immersiveengineering:seed":1,"minecraft:stone_axe":1,"minecraft:polished_blackstone_button":7,"minecraft:golden_apple":2,"psi:spell_bullet_projectile":1,"minecraft:emerald":12,"minecraft:coal":64},"minecraft:killed_by":{"minecraft:creeper":2,"minecraft:vindicator":9,"minecraft:silverfish":1,"minecraft:witch":1,"minecraft:zombie":2},"minecraft:mined":{"minecraft:moss_block":2,"minecraft:red_mushroom":3,"minecraft:dead_horn_coral_wall_fan":1,"minecraft:chiseled_stone_bricks":1,"minecraft:spawner":16,"minecraft:andesite":3,"ironfurnaces:netherite_furnace":1,"minecraft:vine":14,"minecraft:azalea_leaves":7,"minecraft:stone":4212,"antiblocksrechiseled:bright_black":1116,"minecraft:brown_mushroom":3,"minecraft:basalt":9,"minecraft:short_grass":1,"minecraft:stone_slab":4,"minecraft:cobblestone":23,"minecraft:diorite":1,"minecraft:wall_torch":1,"minecraft:stone_stairs":1,"minecraft:stone_brick_stairs":1,"minecraft:tnt":6,"minecraft:cobweb":1,"minecraft:oak_leaves":1,"minecraft:gray_candle":1,"minecraft:black_shulker_box":1,"minecraft:suspicious_gravel":1},"minecraft:used":{"minecraft:shield":22,"simpletomb:grave_key":11,"minecraft:iron_chestplate":3,"simpleteleporters:teleporter":1,"minecraft:torch":6,"minecraft:diamond_helmet":1,"minecraft:magenta_candle":1,"immersiveengineering:cokebrick":51,"minecraft:iron_helmet":1,"minecraft:iron_boots":1,"ftbstuff:iron_hammer":4,"minecraft:stone_brick_stairs":1,"minecraft:diamond_chestplate":1,"minecraft:bow":1,"minecraft:cobbled_deepslate":8,"minecraft:cooked_mutton":2,"advanced_ae:quantum_core":1,"minecraft:golden_apple":8,"farmersdelight:chicken_sandwich":4,"justhammers:diamond_hammer":636,"minecraft:cake":1,"immersiveengineering:sword_steel":264,"minecraft:apple":8,"ironfurnaces:netherite_furnace":1,"farmersdelight:cooked_chicken_cuts":5,"minecraft:iron_pickaxe":72,"antiblocksrechiseled:bright_black":18,"minecraft:chiseled_stone_bricks":1,"oritech:assembler_block":1,"minecraft:cobblestone":289,"minecraft:smithing_table":1,"minecraft:polished_blackstone_button":1,"minecraft:chainmail_leggings":1},"minecraft:custom":{"minecraft:mob_kills":75,"minecraft:open_barrel":6,"minecraft:open_shulker_box":2,"minecraft:damage_dealt_resisted":32,"minecraft:eat_cake_slice":5,"minecraft:leave_game":3,"minecraft:time_since_death":9810,"minecraft:climb_one_cm":3952,"minecraft:sprint_one_cm":164091,"minecraft:walk_one_cm":342713,"minecraft:drop":86,"minecraft:talked_to_villager":3,"minecraft:play_time":138211,"minecraft:deaths":15,"minecraft:sneak_time":1944,"minecraft:walk_under_water_one_cm":2038,"minecraft:jump":784,"minecraft:walk_on_water_one_cm":3875,"minecraft:total_world_time":138211,"minecraft:interact_with_furnace":4,"minecraft:traded_with_villager":1,"apotheosis:world_tiers_activated":1,"minecraft:time_since_rest":9834,"minecraft:damage_taken":7084,"minecraft:damage_absorbed":319,"minecraft:trigger_trapped_chest":6,"minecraft:damage_dealt":12988,"minecraft:swim_one_cm":2594,"minecraft:fly_one_cm":170116,"minecraft:open_chest":104,"minecraft:crouch_one_cm":3754,"minecraft:fall_one_cm":11248},"minecraft:broken":{"minecraft:diamond_helmet":1,"minecraft:iron_boots":1,"minecraft:iron_chestplate":1},"minecraft:killed":{"minecraft:witch":7,"minecraft:spider":7,"minecraft:vindicator":13,"minecraft:skeleton":6,"minecraft:silverfish":11,"minecraft:creeper":1,"minecraft:pillager":4,"minecraft:goat":2,"minecraft:zombie":22},"minecraft:crafted":{"minecraft:brick":0,"justhammers:diamond_hammer":3,"immersiveengineering:cokebrick":69,"simpleteleporters:teleporter":1,"minecraft:air":0,"minecraft:sandstone":30}},"DataVersion":3955}