{"stats":{"minecraft:dropped":{"minecraft:piston":2,"sophisticatedstorage:magnet_upgrade":1,"minecraft:iron_sword":4,"farmersdelight:honey_cookie":6,"ars_nouveau:novice_spell_book":2,"reliquified_twilight_forest:chromatic_cloak":2,"minecraft:diamond":45,"ae2:not_so_mysterious_cube":3,"minecraft:crafting_table":23,"create:cogwheel":14,"create:incomplete_precision_mechanism":8,"create:large_water_wheel":5,"minecraft:red_mushroom":8,"sophisticatedbackpacks:gold_backpack":1,"ars_nouveau:imbuement_chamber":2,"minecraft:dirt":290,"create:mechanical_arm":2,"sophisticatedstorage:stonecutter_upgrade":1,"ars_nouveau:ritual_brazier":1,"irons_spellbooks:epic_ink":4,"irons_spellbooks:arcane_essence":40,"minecraft:chain":18,"minecraft:gold_nugget":12,"minecraft:sand":314,"minecraft:sugar":1,"minecraft:iron_pickaxe":2,"ars_nouveau:wilden_horn":2,"ars_nouveau:source_gem":6,"minecraft:bone":10,"minecraft:compass":2,"minecraft:sugar_cane":16,"minecraft:ancient_debris":2,"create:package_frogport":14,"minecraft:iron_nugget":107,"minecraft:golden_chestplate":1,"minecraft:cobbled_deepslate":83,"minecraft:wheat":463,"functionalstorage:linking_tool":1,"minecraft:rotten_flesh":92,"minecraft:oak_planks":172,"minecraft:enchanted_golden_apple":6,"ftbmaterials:iron_plate":10,"ars_nouveau:sourcestone":8,"ftbmaterials:gold_plate":2,"create:wand_of_symmetry":1,"create:wrench":1,"ftbmaterials:brass_ingot":53,"minecraft:glass":62,"create:packager":4,"minecraft:stone_brick_stairs":2,"ftb:orange_core":3,"minecraft:lectern":2,"ftbmaterials:tin_ingot":35,"create:mechanical_mixer":1,"create:basin":1,"minecraft:enchanted_book":21,"minecraft:iron_ingot":411,"create:rose_quartz":63,"ftbmaterials:steel_ingot":21,"minecraft:wheat_seeds":6,"tempad:tempad":2,"minecraft:feather":53,"minecraft:cobblestone":631,"ftbmaterials:zinc_chunk":3,"chicken_roost:chicken_food_tier_2":67,"clavis:lock_pick":26,"minecraft:coal":135,"minecraft:golden_apple":6,"ftbmaterials:lead_cluster":11,"create:andesite_casing":9,"minecraft:golden_carrot":6,"twilightforest:steeleaf_shovel":2,"ftbmaterials:electrum_nugget":14,"minecraft:potion":2,"minecraft:dried_kelp":9,"minecraft:chainmail_leggings":2,"minecraft:paper":66,"minecraft:string":7,"minecraft:blue_candle":3,"chicken_roost:lava_egg":138,"twilightforest:hollow_oak_log":1,"apotheosis:uncommon_material":102,"create:sand_paper":1,"create:shadow_steel":60,"minecraft:spruce_sapling":16,"minecraft:stone_brick_slab":8,"ftb:red_core":8,"create:small_rose_quartz_tiles":2,"createaddition:electric_motor":5,"minecraft:bowl":3,"farmersdelight:fruit_salad":1,"minecraft:clay_ball":126,"minecraft:cobbled_deepslate_slab":3,"immersiveengineering:hammer":2,"functionalstorage:oak_1":16,"create:item_vault":1,"immersiveengineering:treated_wood_horizontal":15,"minecraft:spruce_trapdoor":3,"sophisticatedbackpacks:magnet_upgrade":1,"artifacts:eternal_steak":1,"ars_nouveau:starbuncle_shards":1,"bhc:wither_bone":1,"minecraft:bow":57,"create:brass_casing":26,"ftb:companion_cube":2,"create:electron_tube":27,"ae2:entropy_manipulator":1,"apotheosis:gem_dust":1,"create:steam_engine":6,"create:belt_connector":13,"create:vertical_gearbox":1,"ftbmaterials:aluminum_ingot":133,"mob_grinding_utils:dreadful_dirt":1,"minecraft:brown_mushroom":5,"minecraft:oak_log":259,"minecraft:ender_pearl":1,"ftbmaterials:lead_ingot":63,"ftb:portal_gun":1,"ftbmaterials:obsidian_plate":41,"minecraft:dark_oak_sapling":17,"ftbmaterials:iron_cluster":13,"create:filter":2,"ftbstuff:compressed_cobblestone":99,"ftbmaterials:silver_ingot":40,"minecraft:snowball":39,"ironchest:iron_chest":1,"minecraft:amethyst_shard":7,"mekanism:basic_logistical_transporter":14,"farmersdelight:cooked_salmon_slice":7,"apothic_enchanting:ender_lead":1,"create:large_cogwheel":9,"ars_nouveau:enchanting_apparatus":1,"custommachinery:custom_machine_item":1,"minecraft:cauldron":1,"minecraft:gold_ingot":53,"minecraft:gravel":196,"ftbmaterials:aluminum_chunk":2,"ftbmaterials:obsidian_dust":38,"ftbmaterials:nickel_ingot":15,"minecraft:stone_stairs":1,"apotheosis:sigil_of_malice":1,"ftbmaterials:iron_chunk":3,"create:mechanical_bearing":13,"patchouli:guide_book":1,"minecraft:chainmail_chestplate":1,"ae2:sky_dust":1,"ftbmaterials:uranium_ingot":26,"ars_nouveau:sourceberry_bush":3,"justhammers:stone_hammer":1,"immersiveengineering:resonanz_engineering":3,"minecraft:trident":1,"simplyswords:soulstealer":2,"apotheosis:common_material":14,"create:gearbox":2,"minecraft:melon_seeds":2,"minecraft:lingering_potion":1,"ftbstuff:netherite_basalt_generator":4,"ftbstuff:stone_rod":3,"minecraft:chest":1,"ftbmaterials:zinc_ingot":42,"twilightforest:steeleaf_pickaxe":1,"minecraft:iron_bars":3,"minecraft:arrow":64,"create:mechanical_harvester":1,"minecraft:basalt":2,"create:water_wheel":2,"ftbmaterials:osmium_ingot":44,"minecraft:quartz":16,"immersiveengineering:seed":1,"minecraft:oak_leaves":50,"ars_nouveau:dominion_wand":1,"create:andesite_alloy":128,"minecraft:bread":17,"justhammers:diamond_hammer":1,"minecraft:oak_slab":29,"chicken_roost:white_egg":1,"minecraft:golden_axe":2,"minecraft:lead":1,"create:chute":1,"farmersdelight:tree_bark":44,"twilightforest:ironwood_leggings":1,"minecraft:copper_ingot":105,"ftbmaterials:coal_coke_gem":24,"minecraft:stick":7,"irons_spellbooks:scroll":4,"constructionstick:diamond_stick":1,"minecraft:blue_dye":15,"ftbunearthed:crude_brush":1,"minecraft:repeater":2,"create:railway_casing":15,"minecraft:iron_axe":1,"ftbstuff:iron_hammer":1,"minecraft:bucket":22,"minecraft:redstone_block":14,"minecraft:redstone":219,"ftbmaterials:electrum_ingot":6,"create:shaft":221,"ars_nouveau:archwood_planks":18,"minecraft:iron_hoe":1,"minecraft:comparator":1,"minecraft:stripped_oak_log":77,"create:rotation_speed_controller":4,"immersiveengineering:sheetmetal_colored_blue":48,"sophisticatedstorage:compacting_upgrade":1,"create:redstone_link":2,"minecraft:andesite":83,"ftb:blue_core":1,"oritech:item_pipe":39,"mekanism:basic_pressurized_tube":5,"minecraft:oak_sapling":24,"create:deployer":3,"minecraft:golden_sword":1,"ars_nouveau:green_archwood_log":384,"projecte:mobius_fuel":1,"minecraft:slime_ball":129,"bhc:red_heart":16,"minecraft:nautilus_shell":3,"justdirethings:portalgun":1},"minecraft:custom":{"minecraft:interact_with_crafting_table":46,"minecraft:open_barrel":279,"minecraft:leave_game":8,"minecraft:time_since_death":287014,"chancecubes:opened_chance_cube":3,"minecraft:play_time":1240792,"minecraft:deaths":8,"minecraft:jump":6840,"minecraft:interact_with_furnace":45,"minecraft:traded_with_villager":1,"minecraft:damage_dealt":42602,"minecraft:interact_with_smithing_table":1,"minecraft:inspect_hopper":23,"minecraft:sneak_time":38715,"minecraft:interact_with_blast_furnace":28,"minecraft:total_world_time":1241801,"apotheosis:world_tiers_activated":1,"minecraft:time_since_rest":287038,"minecraft:swim_one_cm":27873,"minecraft:fly_one_cm":2290390,"minecraft:open_chest":2004,"minecraft:fall_one_cm":329140,"minecraft:animals_bred":4,"minecraft:open_shulker_box":1,"constructionstick:use_stick":1635,"minecraft:damage_resisted":19,"minecraft:sprint_one_cm":1730812,"minecraft:drop":556,"minecraft:talked_to_villager":16,"minecraft:walk_on_water_one_cm":12429,"minecraft:player_kills":2,"minecraft:crouch_one_cm":132214,"minecraft:mob_kills":236,"minecraft:interact_with_campfire":29,"minecraft:damage_dealt_resisted":128,"minecraft:climb_one_cm":16353,"minecraft:walk_one_cm":2378593,"gateways:gates_defeated":3,"minecraft:walk_under_water_one_cm":5233,"minecraft:damage_taken":8612,"minecraft:damage_absorbed":120,"minecraft:trigger_trapped_chest":5},"minecraft:killed_by":{"minecraft:drowned":1,"minecraft:witch":3,"minecraft:player":2,"minecraft:skeleton":2},"minecraft:broken":{"minecraft:diamond_pickaxe":1,"ftbstuff:stone_hammer":1,"woodenshears:wooden_shears":2,"minecraft:stone_axe":1,"apothic_enchanting:flimsy_ender_lead":1,"constructionstick:iron_stick":1,"minecraft:golden_axe":1,"ftbstuff:iron_hammer":1},"minecraft:killed":{"minecraft:skeleton":29,"twilightforest:pinch_beetle":2,"minecraft:chicken":1,"minecraft:pillager":1,"minecraft:goat":7,"irons_spellbooks:summoned_vex":1,"minecraft:zombie":40,"cataclysm:deepling":1,"minecraft:cow":5,"minecraft:vindicator":9,"twilightforest:quest_ram":2,"minecraft:husk":1,"minecraft:wandering_trader":3,"minecraft:enderman":13,"minecraft:witch":11,"minecraft:spider":13,"minecraft:silverfish":7,"artifacts:mimic":2,"minecraft:pig":1,"minecraft:zombie_villager":7,"minecraft:creeper":11,"minecraft:sheep":6,"minecraft:slime":34,"minecraft:drowned":20,"minecraft:bat":2,"minecraft:wither_skeleton":1},"minecraft:picked_up":{"ironfurnaces:netherite_furnace":1,"minecraft:anvil":8,"oritech:assembler_block":1,"minecraft:chainmail_boots":1,"ftbmaterials:steel_ingot":26,"minecraft:smithing_table":1,"minecraft:lead":1,"twilightforest:steeleaf_shovel":2,"mekanism:free_runners":1,"create:wrench":1,"create:item_drain":1,"minecraft:enchanted_book":21,"minecraft:golden_sword":1,"sophisticatedbackpacks:magnet_upgrade":1,"farmersdelight:cutting_board":1,"minecraft:polished_deepslate":13,"minecraft:string":179,"mekanismgenerators:heat_generator":5,"minecraft:explorer_pottery_sherd":13,"chipped:cobblestone_scales":31,"minecraft:beetroot":64,"create:water_wheel":2,"minecraft:gold_nugget":12,"mekanism:basic_universal_cable":3,"minecraft:cobbled_deepslate":123,"twilightforest:ironwood_leggings":1,"chicken_roost:chicken_food_tier_2":541,"minecraft:enchanted_golden_apple":6,"minecraft:coal_block":13,"ars_nouveau:falseweave":5,"mekanism:basic_logistical_transporter":29,"minecraft:golden_helmet":1,"chicken_roost:chicken_food_tier_3":210,"apotheosis:rare_material":4,"minecraft:composter":11,"ftbstuff:compressed_sand_2":6,"ftbstuff:compressed_cobblestone":109,"minecraft:acacia_log":15,"create:andesite_casing":13,"minecraft:golden_axe":2,"oritech:item_pipe":117,"minecraft:golden_chestplate":2,"minecraft:cauldron":1,"minecraft:black_dye":10,"ars_nouveau:vitalic_sourcelink":1,"create:wand_of_symmetry":1,"farmersdelight:wild_cabbages":42,"simplyswords:soulstealer":2,"ars_nouveau:arcane_core":3,"ars_nouveau:imbuement_chamber":8,"farmersdelight:wild_onions":45,"minecraft:blue_dye":15,"create:mechanical_arm":2,"ftbmaterials:silver_ingot":60,"ars_nouveau:sourceberry_bush":4,"mekanism:basic_fluid_tank":7,"ae2:quartz_cluster":1,"minecraft:iron_bars":3,"minecraft:snowball":39,"minecraft:feather":30,"minecraft:water_bucket":2,"minecraft:flint":1,"ftb:red_core":9,"ftb:orange_core":3,"chicken_roost:white_egg":1,"bhc:red_heart":77,"minecraft:stonecutter":1,"ftbquests:book":1,"actuallyadditions:bats_wing":1,"create:shaft":317,"minecraft:rabbit":2,"minecraft:glowstone_dust":14,"minecraft:moss_block":2,"chicken_roost:c_black":1,"minecraft:honeycomb":2,"immersiveengineering:blueprint":1,"mekanism:metallurgic_infuser":1,"create:package_frogport":14,"functionalstorage:compacting_drawer":7,"patchouli:guide_book":1,"ae2:certus_quartz_crystal":616,"moofluids:fluid_cow_jar":16,"ftbstuff:stone_cobblestone_generator":4,"ars_nouveau:wilden_horn":4,"minecraft:trapped_chest":1,"xycraft_world:xychorium_gem_dark":11,"ftbstuff:netherite_basalt_generator":4,"ftb:stone_pebble":30,"minecraft:stripped_acacia_log":1,"mekanism:basic_mechanical_pipe":4,"minecraft:iron_hoe":1,"minecraft:angler_pottery_sherd":6,"minecraft:lever":2,"ftb:companion_cube":2,"minecraft:granite":1,"ftb:diorite_pebble":8,"chicken_roost:chicken_food_tier_1":350,"minecraft:bread":12,"farmersdelight:wild_tomatoes":39,"create:precision_mechanism":2,"ftbstuff:wooden_basin":1,"minecraft:crafting_table":30,"minecraft:clay_ball":43,"minecraft:leather_leggings":2,"enderio:clayed_glowstone":8,"ftbmaterials:iron_plate":10,"ftb:test_cube":1,"minecraft:compass":2,"ae2:not_so_mysterious_cube":6,"create:redstone_link":2,"apotheosis:common_material":92,"sophisticatedstorage:stonecutter_upgrade":1,"ftbmaterials:gold_chunk":43,"irregular_implements:lava_charm":1,"ftbunearthed:core":9,"custommachinery:custom_machine_item":8,"minecraft:beef":9,"immersiveengineering:sheetmetal_colored_blue":49,"minecraft:poppy":1,"minecraft:iron_nugget":71,"ftb:andesite_pebble":18,"ironfurnaces:diamond_furnace":1,"simpleteleporters:teleporter":1,"minecraft:chest":14,"minecraft:birch_sapling":18,"minecraft:piston":2,"minecraft:egg":39,"create:polished_rose_quartz":47,"ironchest:iron_chest":9,"chicken_roost:c_netherstar":1,"minecraft:spruce_fence":1,"chicken_roost:c_white":1,"minecraft:carrot":66,"minecraft:redstone":801,"create:brass_casing":63,"tesseract:tesseract":2,"create:steam_engine":6,"create:vertical_gearbox":1,"ftbmaterials:iron_dust":32,"ars_nouveau:green_archwood_log":384,"twilightforest:hollow_oak_log":2,"ars_nouveau:enchanting_apparatus":3,"minecraft:beetroot_seeds":4,"immersiveengineering:cloche":2,"minecraft:decorated_pot":2,"ftbmaterials:aluminum_chunk":39,"minecraft:hay_block":16,"minecraft:gold_ingot":95,"minecraft:mutton":10,"minecraft:white_wool":6,"minecraft:stripped_oak_log":116,"chicken_roost:lava_egg":122,"jags:grass_seed":1,"minecraft:red_mushroom":10,"minecraft:crafter":1,"bhc:wither_bone":2,"minecraft:oak_log":201,"minecraft:ancient_debris":2,"minecraft:golden_boots":1,"functionalstorage:storage_controller":2,"minecraft:paper":66,"antiblocksrechiseled:bright_black":280,"create:crushing_wheel":2,"immersiveengineering:cokebrick":61,"minecraft:apple":65,"minecraft:kelp":178,"apothic_enchanting:ender_lead":2,"ftbmaterials:nickel_ingot":30,"minecraft:glass_bottle":27,"irons_jewelry:peridot":4,"apotheosis:gem_dust":2,"minecraft:iron_sword":6,"create:mechanical_saw":1,"elevatorid:elevator_white":3,"ars_nouveau:source_jar":10,"ftbstuff:compressed_dirt":54,"minecraft:sweet_berries":58,"projecte:mobius_fuel":1,"minecraft:gravel":1567,"farmersdelight:wild_rice":28,"minecraft:spruce_sapling":32,"ftbmaterials:iron_cluster":498,"irons_jewelry:recipe":2,"create:gearbox":2,"minecraft:leather_helmet":1,"minecraft:brewer_pottery_sherd":26,"create:shadow_steel":32,"minecraft:slime_ball":639,"immersiveengineering:seed":9,"minecraft:stone_axe":1,"create:rose_quartz":15,"minecraft:lodestone":2,"farmersdelight:cooked_salmon_slice":7,"minecraft:melon_seeds":13,"immersiveengineering:hammer":2,"irons_spellbooks:scroll":5,"minecraft:hopper":8,"minecraft:ender_pearl":100,"utilitarian:sound_muffler":1,"ars_nouveau:caster_tome":2,"minecraft:wheat":1160,"minecraft:redstone_block":14,"create:mechanical_crafter":1,"clavis:lock_pick":27,"justdirethings:portalgun":2,"minecraft:potion":7,"minecraft:stone_brick_stairs":2,"immersiveengineering:resonanz_engineering":6,"minecraft:lapis_block":24,"create:sand_paper":1,"minecraft:sea_pickle":6,"chicken_roost:breeder":2,"irons_spellbooks:arcane_essence":40,"minecraft:smooth_stone":2,"minecraft:comparator":1,"minecraft:bucket":23,"chicken_roost:roost":2,"minecraft:redstone_torch":7,"minecraft:iron_pickaxe":1,"chicken_roost:trainer":2,"reliquified_twilight_forest:chromatic_cloak":3,"ftbmaterials:electrum_ingot":12,"functionalstorage:linking_tool":1,"ae2:flawed_budding_quartz":10,"ftbmaterials:electrum_nugget":14,"ars_nouveau:conjuration_essence":1,"minecraft:furnace":136,"minecraft:stick":77,"apotheosis:gem":6,"createaddition:electric_motor":5,"create:mechanical_mixer":1,"ironchest:crystal_chest":4,"ftbmaterials:tin_ingot":70,"ftbmaterials:coal_tiny":88,"ftbmaterials:obsidian_plate":57,"minecraft:torch":121,"ftbmaterials:copper_cluster":9,"minecraft:porkchop":5,"minecraft:dried_kelp":9,"chicken_roost:c_green":1,"minecraft:pointed_dripstone":1,"ftbstuff:stone_crook":1,"mekanism:energy_tablet":5,"immersiveengineering:alloybrick":12,"supplementaries:flax":28,"minecraft:light_gray_banner":1,"chicken_roost:c_brown":1,"ars_nouveau:arcane_platform":8,"ftbmaterials:tin_chunk":134,"draconicevolution:generator":8,"create:large_cogwheel":19,"ftbmaterials:coal_coke_gem":24,"minecraft:cactus":84,"minecraft:rotten_flesh":498,"farmersdelight:tree_bark":123,"sophisticatedstorage:magnet_upgrade":1,"ftbmaterials:aluminum_ingot":126,"minecraft:obsidian":5,"ftbstuff:compressed_dust":16,"ars_nouveau:drygmy_shard":1,"minecraft:cobblestone":4963,"minecraft:nautilus_shell":6,"enderio:loot_capacitor":1,"farmersdelight:mixed_salad":7,"occultism:datura_seeds":24,"ftbstuff:iron_hammer":1,"minecraft:repeater":2,"minecraft:andesite":48,"ftbmaterials:uranium_ingot":39,"minecraft:potato":64,"create:belt_connector":13,"supplementaries:flax_seeds":82,"create:incomplete_precision_mechanism":8,"minecraft:lapis_lazuli":76,"ftb:blue_core":1,"minecraft:dirt":359,"ftbstuff:dust":51,"powah:dielectric_paste":18,"minecraft:name_tag":4,"ftbstuff:diamond_auto_hammer":2,"minecraft:leather_boots":1,"minecraft:glass":62,"minecraft:bone":266,"ftbstuff:compressed_dirt_2":6,"minecraft:bow":43,"minecraft:wheat_seeds":194,"ars_nouveau:source_gem":43,"minecraft:cobbled_deepslate_slab":21,"minecraft:grindstone":1,"create:packager":4,"minecraft:bamboo":40,"ars_nouveau:ritual_brazier":4,"minecraft:oak_planks":217,"minecraft:music_disc_13":1,"ars_nouveau:music_disc_aria_biblio":2,"mekanism:teleportation_core":1,"create:cogwheel":29,"torchmaster:megatorch":2,"tempad:tempad":2,"minecraft:sand":386,"jumbofurnace:jumbo_furnace":128,"ftbmaterials:iron_chunk":749,"ftbmaterials:osmium_chunk":51,"ars_nouveau:sourcestone":8,"ae2:quartz_block":5,"occultism:amethyst_dust":2,"ftbunearthed:crude_brush":1,"minecraft:sugar":59,"sophisticatedstorage:compacting_upgrade":1,"minecraft:diamond":49,"create:filter":2,"actuallyadditions:coffee_machine":1,"ftbmaterials:lead_ingot":100,"chancecubes:chance_cube":4,"minecraft:bone_meal":123,"minecraft:golden_apple":6,"minecraft:emerald":2,"apotheosis:sigil_of_malice":2,"minecraft:oak_sapling":48,"minecraft:oak_leaves":150,"ftbmaterials:silver_chunk":34,"functionalstorage:oak_1":50,"minecraft:lingering_potion":1,"minecraft:cocoa_beans":11,"chicken_roost:c_gray":1,"twilightforest:ironwood_boots":1,"minecraft:chicken":2,"industrialforegoing:fluid_extractor":3,"minecraft:brown_mushroom":5,"apotheosis:salvaging_table":1,"create:rotation_speed_controller":4,"enderio:broken_spawner":6,"irregular_implements:ectoplasm":1,"minecraft:chain":21,"irregular_implements:magic_hood":1,"create:mechanical_harvester":1,"ars_nouveau:archwood_planks":18,"minecraft:stone_stairs":2,"ftb:portal_gun":1,"minecraft:iron_axe":1,"ftbmaterials:copper_chunk":137,"create:chute":1,"minecraft:blue_orchid":3,"ftbmaterials:nickel_chunk":687,"ars_nouveau:storage_lectern":1,"ftbmaterials:zinc_ingot":83,"ars_nouveau:starbuncle_shards":2,"chicken_roost:c_yellow":1,"farmersdelight:straw":124,"irons_spellbooks:epic_ink":4,"immersiveengineering:workbench":1,"create:basin":1,"minecraft:lectern":4,"minecraft:sugar_cane":97,"sophisticatedstorage:iron_chest":2,"minecraft:spruce_trapdoor":3,"ftbstuff:stone_hammer":1,"minecraft:dark_oak_sapling":33,"create:small_rose_quartz_tiles":4,"ftbstuff:compressed_gravel_2":6,"mekanism:basic_pressurized_tube":5,"create:railway_casing":15,"metalbarrels:crystal_barrel":3,"ftbstuff:compressed_dust_2":5,"minecraft:copper_ingot":181,"minecraft:bowl":3,"minecraft:trident":2,"mekanism:basic_energy_cube":3,"mob_grinding_utils:dreadful_dirt":1,"create:deployer":6,"minecraft:arrow":355,"ae2:certus_quartz_dust":9,"ars_nouveau:bookwyrm_charm":3,"ftbmaterials:lead_cluster":15,"oritech:machine_core_6":3,"enderio:alloy_smelter":2,"chicken_roost:water_egg":17,"sophisticatedstorage:copper_to_diamond_tier_upgrade":3,"minecraft:basalt":2,"minecraft:golden_carrot":6,"ars_nouveau:ritual_sanctuary":1,"minecraft:leather":24,"twilightforest:ironwood_chestplate":1,"create:andesite_alloy":132,"minecraft:chainmail_chestplate":1,"actuallyadditions:canola_seeds":14,"irregular_implements:biome_crystal":1,"ftb:dry_leaves":5,"minecraft:cobblestone_wall":5,"minecraft:gunpowder":233,"minecraft:cobblestone_stairs":7,"immersiveengineering:treated_wood_horizontal":30,"create:item_vault":1,"ae2:sky_dust":1,"ae2:entropy_manipulator":3,"ftbstuff:compressed_sand":81,"ftbmaterials:brass_ingot":53,"sfm:water_tank":1,"minecraft:rabbit_hide":1,"farmersdelight:fruit_salad":1,"minecraft:iron_ingot":662,"minecraft:cooked_chicken":1,"supplementaries:gravel_bricks":384,"apothic_enchanting:flimsy_ender_lead":1,"chicken_roost:c_vanilla":6,"minecraft:soul_sand":62,"minecraft:acacia_sapling":25,"minecraft:book":4,"minecraft:oak_slab":29,"minecraft:scaffolding":2,"ftbmaterials:osmium_ingot":85,"create:mechanical_bearing":13,"create:large_water_wheel":5,"constructionstick:diamond_stick":1,"ftbunearthed:worker_token":6,"minecraft:stone_brick_slab":9,"minecraft:dandelion":4,"minecraft:quartz":25,"ars_nouveau:novice_spell_book":2,"ftbmaterials:zinc_cluster":13,"ars_elemental:ritual_detection":1,"apotheosis:uncommon_material":250,"minecraft:amethyst_shard":67,"ars_nouveau:dominion_wand":4,"ftbmaterials:zinc_chunk":54,"justhammers:stone_hammer":1,"minecraft:blast_furnace":4,"irregular_implements:spectre_coil_number":1,"minecraft:spider_eye":128,"powah:dielectric_rod_horizontal":2,"ftbstuff:compressed_gravel":68,"create:electron_tube":27,"ftb:clapple":1,"minecraft:pumpkin_seeds":2,"ftbmaterials:lead_chunk":489,"minecraft:chainmail_leggings":3,"minecraft:cherry_sapling":16,"ftbstuff:iron_auto_hammer":8,"irregular_implements:spectre_sword":1,"twilightforest:steeleaf_pickaxe":1,"minecraft:coal":198,"farmersdelight:honey_cookie":6},"minecraft:used":{"ae2:quartz_cluster":1,"farmersdelight:mixed_salad":7,"chicken_roost:soul_extractor":1,"create:deployer":8,"create:brass_casing":10,"ftbstuff:compressed_sand":31,"functionalstorage:linking_tool":45,"minecraft:chest":31,"mekanism:basic_logistical_transporter":11,"woodenshears:wooden_shears":100,"constructionstick:diamond_stick":36,"ftbstuff:wooden_basin":2,"create:mechanical_crafter":29,"minecraft:acacia_sapling":3,"ironchest:iron_chest":7,"create:depot":2,"ftbstuff:compressed_dirt":54,"minecraft:snowball":9,"mekanism:basic_energy_cube":4,"ars_nouveau:ritual_awakening":3,"minecraft:lava_bucket":2,"ars_nouveau:ritual_brazier":3,"minecraft:birch_sapling":1,"metalbarrels:crystal_barrel":2,"ftbstuff:compressed_cobblestone_2":6,"jags:grass_seed":1,"ae2:flawed_budding_quartz":5,"minecraft:bow":80,"create:rotation_speed_controller":1,"ftb:dry_leaves":9,"chicken_roost:yellow_egg":4,"utilitarian:sound_muffler":1,"create:shaft":29,"minecraft:furnace":138,"minecraft:oak_sapling":4,"moofluids:fluid_cow_jar":20,"minecraft:egg":46,"twilightforest:hollow_oak_log":1,"minecraft:cow_spawn_egg":1,"chicken_roost:brown_egg":9,"artifacts:eternal_steak":21,"ftbstuff:diamond_auto_hammer":2,"minecraft:composter":1,"minecraft:oak_leaves":8,"elevatorid:elevator_white":3,"create:spout":1,"minecraft:golden_apple":4,"apothic_enchanting:flimsy_ender_lead":8,"minecraft:sand":151,"minecraft:blast_furnace":2,"ftb:companion_cube":1,"ae2:entropy_manipulator":4,"immersiveengineering:hammer":24,"chicken_roost:green_egg":4,"ftbstuff:iron_auto_hammer":10,"chicken_roost:chicken_food_tier_3":18,"ftb:test_cube":2,"sophisticatedstorage:basic_to_iron_tier_upgrade":4,"minecraft:lectern":2,"chicken_roost:trainer":2,"immersiveengineering:sheetmetal_colored_blue":21,"sophisticatedstorage:gold_to_diamond_tier_upgrade":1,"supplementaries:flax_seeds":12,"industrialforegoing:dissolution_chamber":1,"minecraft:diamond_sword":84,"create:basin":2,"mob_grinding_utils:fan":1,"ae2:not_so_mysterious_cube":3,"chicken_roost:breeder":3,"ars_nouveau:arcane_core":4,"ars_nouveau:dominion_wand":164,"chicken_roost:black_egg":4,"supplementaries:gravel_bricks":77,"minecraft:torch":231,"minecraft:anvil":8,"ftbstuff:stone_crook":122,"minecraft:stone_stairs":1,"create:gearbox":5,"minecraft:iron_axe":51,"mekanismgenerators:heat_generator":5,"create:wrench":203,"oritech:machine_core_6":3,"ftbstuff:iron_hammer":612,"chicken_roost:chicken_food_tier_2":24,"ftbunearthed:core":10,"ftbstuff:compressed_dirt_2":6,"ftbstuff:compressed_cobblestone":74,"irregular_implements:spectre_sword":413,"torchmaster:megatorch":2,"minecraft:cobbled_deepslate":2,"create:belt_connector":14,"minecraft:golden_axe":28,"minecraft:water_bucket":15,"chicken_roost:gray_egg":19,"sophisticatedstorage:copper_to_diamond_tier_upgrade":2,"justhammers:diamond_hammer":1019,"minecraft:crafting_table":9,"constructionstick:iron_stick":97,"petrock:petrockbox":1,"industrialforegoing:latex_bucket":1,"minecraft:oak_log":36,"ars_nouveau:falseweave":2,"minecraft:diamond_pickaxe":2191,"ironfurnaces:netherite_furnace":2,"minecraft:iron_pickaxe":62,"ae2:flawless_budding_quartz":10,"ftbstuff:dust":68,"actuallyadditions:atomic_reconstructor":1,"minecraft:cobblestone":1949,"sophisticatedstorage:iron_chest":2,"create_enchantment_industry:mechanical_grindstone":6,"ftbstuff:stone_cobblestone_generator":4,"minecraft:stripped_oak_log":20,"minecraft:kelp":6,"mekanism:dictionary":1,"oritech:item_pipe":52,"mekanism:basic_fluid_tank":10,"minecraft:iron_sword":262,"chicken_roost:water_egg":4,"create:railway_casing":20,"mekanism:basic_mechanical_pipe":17,"create:cogwheel":47,"mekanism:basic_universal_cable":65,"immersiveengineering:cokebrick":34,"betterblockz:block_replacer":239,"chancecubes:chance_cube":3,"ae2:quartz_vibrant_glass":3,"farmersdelight:cutting_board":1,"tesseract:tesseract":4,"ars_nouveau:vitalic_sourcelink":1,"sophisticatedstorage:basic_to_gold_tier_upgrade":2,"apotheosis:salvaging_table":2,"ae2:mysterious_cube":1,"minecraft:diamond_boots":2,"create:crushing_wheel":2,"apotheosis:simple_reforging_table":1,"minecraft:oak_planks":10,"industrialforegoing:fluid_extractor":3,"create:mechanical_saw":4,"ars_nouveau:bookwyrm_charm":3,"justhammers:diamond_destructor_hammer":270,"sophisticatedstorage:basic_tier_upgrade":2,"functionalstorage:storage_controller":3,"minecraft:redstone_torch":6,"ars_nouveau:enchanting_apparatus":2,"sophisticatedstorage:iron_to_gold_tier_upgrade":1,"minecraft:lever":3,"mekanism:crusher":2,"mekanism:metallurgic_infuser":1,"custommachinery:custom_machine_item":9,"minecraft:bread":56,"antiblocksrechiseled:bright_black":54,"ftbunearthed:worker_token":1,"minecraft:gravel":292,"minecraft:chainmail_boots":1,"functionalstorage:oak_1":53,"ftbunearthed:crude_brush":50,"minecraft:andesite":1,"create:vertical_gearbox":2,"ironchest:crystal_chest":6,"jumbofurnace:jumbo_furnace":1,"create:large_cogwheel":14,"minecraft:trident":1,"apothic_enchanting:ender_lead":4,"minecraft:flint_and_steel":2,"mekanism:configurator":39,"gag:mining_dynamite":5,"minecraft:cooked_chicken":1,"functionalstorage:configuration_tool":51,"simpletomb:grave_key":11,"chicken_roost:roost":3,"minecraft:dirt":271,"gateways:gate_pearl":2,"ars_nouveau:ritual_flight":1,"create:mechanical_mixer":2,"minecraft:hopper":16,"minecraft:cobblestone_wall":39,"compactmachines:new_machine":1,"minecraft:iron_hoe":63,"create:chute":3,"chicken_roost:chicken_food_tier_1":7,"functionalstorage:compacting_drawer":8,"chicken_roost:chicken_stick":20,"minecraft:bookshelf":1,"draconicevolution:generator":9,"farmersdelight:cooked_salmon_slice":1,"ars_nouveau:imbuement_chamber":4,"ftbstuff:compressed_gravel_2":6,"chicken_roost:white_egg":17,"mekanism:free_runners":3,"minecraft:golden_carrot":13,"ars_nouveau:arcane_platform":12,"simplyswords:soulstealer":35,"immersiveengineering:alloybrick":20,"chipped:cobblestone_scales":46,"sophisticatedstorage:basic_to_copper_tier_upgrade":4,"minecraft:powder_snow_bucket":1,"ftbstuff:compressed_sand_2":5,"simplylight:wall_lamp":8,"immersiveengineering:cloche":1,"ars_nouveau:storage_lectern":1,"chicken_roost:c_vanilla":4,"minecraft:cobblestone_stairs":5,"mob_grinding_utils:dreadful_dirt":1,"minecraft:cobblestone_slab":1,"industrialforegoing:latex_processing_unit":2,"create:item_drain":4,"minecraft:painting":6,"minecraft:apple":8,"craftingstation:crafting_station":3,"ars_nouveau:source_jar":10,"create:mechanical_press":6,"ftbstuff:stone_hammer":294,"ftbstuff:compressed_gravel":54,"justhammers:stone_hammer":301,"create:large_water_wheel":12,"minecraft:stone_axe":140,"enderio:alloy_smelter":2,"minecraft:bucket":28,"chicken_roost:lava_egg":10,"farmersdelight:fruit_salad":3,"sfm:water_tank":1,"actuallyadditions:coffee_machine":2},"minecraft:crafted":{"immersiveengineering:hammer":2,"minecraft:smooth_stone":0,"sophisticatedbackpacks:magnet_upgrade":1,"chicken_roost:chicken_food_tier_2":4,"chicken_roost:breeder":1,"minecraft:lever":2,"mekanismgenerators:heat_generator":1,"sophisticatedstorage:stack_upgrade_tier_1":17,"minecraft:bookshelf":2,"sophisticatedstorage:gold_to_diamond_tier_upgrade":1,"justhammers:reinforced_core":1,"actuallyadditions:atomic_reconstructor":1,"create:vertical_gearbox":4,"create:rotation_speed_controller":1,"minecraft:glass":6,"minecraft:diamond_helmet":1,"minecraft:diamond_leggings":1,"chicken_roost:chicken_food_tier_3":2,"create:mechanical_press":4,"functionalstorage:configuration_tool":1,"create:cogwheel":40,"minecraft:glass_bottle":3,"create:rose_quartz":51,"ftbmaterials:silver_cluster":16,"sfm:water_tank":1,"minecraft:gravel":126,"constructionstick:diamond_stick":1,"sophisticatedbackpacks:advanced_feeding_upgrade":1,"minecraft:smithing_table":1,"minecraft:copper_ingot":3,"craftingstation:crafting_station":3,"minecraft:sticky_piston":2,"industrialforegoing:dissolution_chamber":1,"create:encased_chain_drive":9,"create:mechanical_mixer":1,"minecraft:polished_deepslate_slab":6,"create:gearbox":5,"sophisticatedbackpacks:refill_upgrade":1,"industrialforegoing:fluid_extractor":2,"minecraft:lectern":1,"mob_grinding_utils:delightful_dirt":4,"mekanism:dictionary":1,"minecraft:iron_pickaxe":2,"minecraft:iron_block":5,"minecraft:gold_ingot":26,"minecraft:sandstone":11,"create:large_cogwheel":12,"minecraft:composter":15,"actuallyadditions:iron_casing":1,"chicken_roost:gray_egg":20,"ars_nouveau:arcane_pedestal":5,"mekanism:basic_logistical_transporter":32,"chicken_roost:chicken_stick":5,"oritech:item_pipe":24,"minecraft:iron_nugget":369,"ars_nouveau:ritual_flight":1,"minecraft:tinted_glass":6,"immersiveengineering:sheetmetal_aluminum":52,"ftbmaterials:electrum_nugget":18,"chicken_roost:c_lava":1,"ftbstuff:stone_rod":20,"functionalstorage:linking_tool":1,"chicken_roost:yellow_egg":6,"minecraft:diamond":9,"ars_nouveau:novice_spell_book":1,"sophisticatedstorage:upgrade_base":16,"ftbmaterials:lead_cluster":4,"ftbmaterials:copper_cluster":268,"minecraft:diamond_boots":1,"apotheosis:simple_reforging_table":1,"minecraft:redstone_block":72,"create:electron_tube":40,"create:belt_connector":10,"minecraft:lead":1,"minecraft:coal_block":22,"powah:dielectric_paste":0,"simplemagnets:basicmagnet":1,"justhammers:diamond_destructor_hammer":3,"minecraft:enchanting_table":1,"minecraft:dried_kelp":0,"ars_nouveau:ritual_awakening":3,"ftbmaterials:zinc_ingot":4,"sophisticatedbackpacks:gold_backpack":2,"minecraft:glowstone":31,"ars_nouveau:sourcestone":24,"immersiveengineering:alloybrick":10,"minecraft:cobblestone":17669,"chicken_roost:white_egg":17,"ftbstuff:iron_auto_hammer":1,"ftbmaterials:lead_ingot":3,"minecraft:flint":12,"industrialforegoing:latex_processing_unit":2,"minecraft:writable_book":3,"minecraft:iron_shovel":1,"mekanism:basic_mechanical_pipe":40,"chicken_roost:chicken_food_tier_1":8,"functionalstorage:storage_controller":1,"create:shaft":48,"minecraft:note_block":1,"ftbmaterials:osmium_ingot":0,"minecraft:soul_sand":8,"moofluids:fluid_cow_jar":18,"industrialforegoing:plastic":0,"betterblockz:blockz_core":8,"minecraft:brick":0,"minecraft:oak_planks":1568,"minecraft:cobblestone_slab":6,"appflux:insulating_resin":3,"sophisticatedstorage:packing_tape":1,"ftbmaterials:nickel_ingot":0,"minecraft:sand":576,"minecraft:cobblestone_stairs":12,"minecraft:stone":0,"ftbmaterials:zinc_cluster":16,"ftbunearthed:core":1,"create:deployer":3,"minecraft:green_dye":0,"ftbmaterials:diamond_gear":1,"minecraft:hopper":5,"ftbmaterials:silver_ingot":0,"ftbunearthed:crude_brush":4,"chicken_roost:roost":2,"justhammers:diamond_hammer":6,"minecraft:chest":63,"create:spout":1,"immersiveengineering:sheetmetal_colored_blue":48,"mekanism:basic_fluid_tank":3,"simplylight:wall_lamp":30,"create:brass_hand":3,"ftbstuff:dust":434,"ftbstuff:stone_crook":1,"create:depot":1,"ftbmaterials:aluminum_ingot":0,"minecraft:oak_slab":210,"minecraft:arrow":112,"sophisticatedbackpacks:backpack":2,"ars_nouveau:arcane_core":1,"woodenshears:wooden_shears":2,"minecraft:crafting_table":39,"justhammers:reinforced_impact_core":1,"chicken_roost:black_egg":4,"create:mechanical_saw":1,"minecraft:brown_dye":11,"minecraft:brush":8,"create:sand_paper":1,"minecraft:gold_block":3,"sophisticatedbackpacks:feeding_upgrade":1,"sophisticatedbackpacks:upgrade_base":3,"ars_nouveau:ritual_brazier":1,"rechiseled:chisel":1,"ftbstuff:compressed_dust":45,"sophisticatedstorage:copper_to_gold_tier_upgrade":1,"farmersdelight:cutting_board":1,"minecraft:string":28,"minecraft:yellow_dye":25,"minecraft:book":10,"minecraft:charcoal":17,"minecraft:paper":45,"minecraft:diamond_pickaxe":1,"create:water_wheel":13,"mekanism:steel_casing":2,"ftbstuff:iron_hammer":4,"minecraft:light_weighted_pressure_plate":11,"minecraft:stick":80,"mekanism:crusher":1,"minecraft:iron_ingot":19,"sophisticatedstorage:copper_to_diamond_tier_upgrade":1,"minecraft:redstone_torch":3,"irons_spellbooks:amethyst_resonance_charm":1,"ftbmaterials:aluminum_cluster":32,"minecraft:polished_andesite":4,"ae2:certus_quartz_crystal":20,"create:chute":4,"ftbstuff:wooden_basin":1,"mekanism:basic_universal_cable":64,"minecraft:coal":180,"chicken_roost:c_water":1,"create_enchantment_industry:mechanical_grindstone":2,"chicken_roost:brown_egg":11,"minecraft:furnace":2033,"minecraft:piston":18,"minecraft:gray_dye":20,"constructionstick:iron_stick":1,"chicken_roost:green_egg":4,"minecraft:diamond_block":20,"justhammers:destructor_core":1,"ars_nouveau:source_gem_block":1,"ars_nouveau:arcane_platform":4,"minecraft:polished_deepslate":4,"jumbofurnace:jumbo_furnace":0,"minecraft:iron_axe":2,"ae2:quartz_glass":4,"minecraft:iron_hoe":1,"minecraft:cobblestone_wall":240,"create:basin":1,"ftbstuff:compressed_sand":14,"ftbmaterials:gold_cluster":31,"functionalstorage:oak_1":27,"sophisticatedstorage:copper_to_iron_tier_upgrade":1,"minecraft:glistering_melon_slice":1,"sophisticatedbackpacks:iron_backpack":1,"create:andesite_alloy":64,"minecraft:diamond_sword":1,"elevatorid:elevator_white":2,"ftbmaterials:steel_ingot":0,"betterblockz:block_replacer":1,"sophisticatedstorage:iron_to_gold_tier_upgrade":1,"minecraft:iron_sword":4,"create:large_water_wheel":13,"ftbmaterials:iron_cluster":568,"industrialforegoing:machine_frame_pity":10,"minecraft:bucket":24,"create:item_drain":1,"minecraft:stone_axe":2,"minecraft:amethyst_block":10,"minecraft:bread":544,"minecraft:air":0,"ftbstuff:stone_hammer":2,"minecraft:blue_dye":21,"sophisticatedbackpacks:pickup_upgrade":2,"minecraft:white_wool":20,"create:whisk":1,"mekanism:basic_energy_cube":1,"minecraft:white_dye":23,"justhammers:stone_hammer":7,"minecraft:gold_nugget":18,"mob_grinding_utils:fan_upgrade_speed":1,"chicken_roost:soul_extractor":1,"create:mechanical_crafter":30,"minecraft:anvil":1,"ae2:quartz_vibrant_glass":4,"ftbstuff:compressed_cobblestone":2113,"minecraft:andesite":4,"minecraft:torch":16,"ftbmaterials:brass_ingot":54,"minecraft:lapis_lazuli":658,"minecraft:lapis_block":23,"minecraft:diamond_chestplate":1},"minecraft:mined":{"ftbunearthed:l_corner":3,"ftbstuff:diamond_auto_hammer":2,"jumbofurnace:jumbo_furnace":5,"create:andesite_casing":1,"minecraft:obsidian":5,"minecraft:acacia_log":15,"sfm:water_tank":1,"minecraft:hopper":8,"ftbstuff:compressed_gravel_2":6,"minecraft:spawner":11,"minecraft:light_blue_stained_glass":2,"chicken_roost:roost":2,"ironchest:crystal_chest":2,"minecraft:fire":2,"minecraft:cobbled_deepslate":7,"mekanism:basic_logistical_transporter":12,"ae2:large_quartz_bud":5,"ars_nouveau:falseweave":5,"simpleteleporters:teleporter":1,"create:item_drain":1,"antiblocksrechiseled:bright_black":2684,"create:cogwheel":4,"ftbunearthed:m_edge":2,"minecraft:kelp_plant":1,"minecraft:amethyst_cluster":19,"minecraft:powder_snow":1,"minecraft:torch":24,"minecraft:blast_furnace":4,"ftbunearthed:m_face":2,"functionalstorage:compacting_drawer":7,"minecraft:sugar_cane":2,"ftbstuff:compressed_cobblestone":68,"immersiveengineering:alloy_smelter":1,"immersiveengineering:cokebrick":56,"minecraft:wheat":9,"ae2:small_quartz_bud":4,"oritech:item_pipe":24,"ftbstuff:compressed_dirt_2":6,"minecraft:stonecutter":1,"minecraft:deepslate":19,"minecraft:suspicious_gravel":10,"ftbstuff:compressed_gravel":54,"sophisticatedstorage:iron_chest":3,"functionalstorage:oak_1":29,"mekanismgenerators:heat_generator":4,"utilitarian:sound_muffler":2,"minecraft:cobbled_deepslate_slab":3,"minecraft:spruce_fence":1,"immersiveengineering:coke_oven":2,"minecraft:kelp":96,"industrialforegoing:fluid_extractor":3,"create:shaft":1,"supplementaries:flax":3,"minecraft:suspicious_sand":13,"ae2:damaged_budding_quartz":1,"minecraft:andesite":2,"simplylight:wall_lamp":1,"ironchest:iron_chest":6,"mekanism:basic_pressurized_tube":5,"ftbstuff:compressed_sand":31,"immersiveengineering:sheetmetal_colored_blue":1,"minecraft:smithing_table":1,"chicken_roost:seed_crop_2":9,"minecraft:soul_sand":2,"ftbstuff:iron_auto_hammer":8,"minecraft:stone_brick_slab":1,"mekanism:basic_energy_cube":3,"minecraft:dandelion":4,"minecraft:tall_grass":1,"ars_nouveau:source_jar":10,"create:mechanical_saw":1,"ae2:flawless_budding_quartz":10,"minecraft:cobblestone_wall":4,"custommachinery:custom_machine_block":7,"ftbstuff:compressed_sand_2":5,"chicken_roost:breeder":2,"minecraft:gravel":163,"actuallyadditions:coffee_machine":1,"apotheosis:salvaging_table":1,"ars_nouveau:imbuement_chamber":6,"minecraft:attached_melon_stem":1,"minecraft:oak_sapling":1,"minecraft:farmland":4,"minecraft:brewing_stand":1,"minecraft:spruce_trapdoor":3,"minecraft:grass_block":2,"ae2:quartz_cluster":138,"enderio:alloy_smelter":2,"minecraft:composter":1,"ftbstuff:compressed_cobblestone_2":6,"ars_nouveau:arcane_core":3,"ftbstuff:wooden_basin":1,"draconicevolution:generator":8,"minecraft:anvil":1,"oritech:assembler_block":1,"ars_nouveau:enchanting_apparatus":2,"ae2:not_so_mysterious_cube":3,"ars_nouveau:ritual_brazier":3,"mob_grinding_utils:fan":1,"mob_grinding_utils:dreadful_dirt":1,"minecraft:chest":13,"create:brass_casing":1,"minecraft:cobblestone":732,"minecraft:grindstone":2,"minecraft:oak_planks":10,"ftbunearthed:l_edge":2,"supplementaries:gravel_bricks":36,"minecraft:wall_torch":8,"immersiveengineering:alloybrick":11,"minecraft:stone_stairs":1,"minecraft:acacia_sapling":1,"chipped:cobblestone_scales":24,"farmersdelight:cutting_board":1,"minecraft:tnt":1,"ae2:quartz_block":4,"minecraft:oak_log":10,"minecraft:sand":140,"minecraft:dirt":169,"mekanism:basic_universal_cable":3,"minecraft:oak_leaves":114,"immersiveengineering:workbench":1,"oritech:machine_core_6":3,"immersiveengineering:cloche":2,"mekanism:basic_mechanical_pipe":4,"torchmaster:megatorch":2,"minecraft:lever":3,"minecraft:decorated_pot":2,"ftb:dry_leaves":7,"ftbstuff:compressed_dirt":54,"minecraft:furnace":1,"ironfurnaces:netherite_furnace":1,"mekanism:basic_fluid_tank":6,"minecraft:bookshelf":1,"ftbstuff:stone_cobblestone_generator":4,"minecraft:lantern":1,"minecraft:stripped_acacia_log":1,"minecraft:stripped_oak_log":6,"minecraft:stone":35832,"minecraft:redstone_wall_torch":3,"chicken_roost:seed_crop_3":4,"tesseract:tesseract":2,"minecraft:scaffolding":1,"minecraft:flowering_azalea":1,"ars_nouveau:arcane_platform":8,"functionalstorage:storage_controller":2,"chicken_roost:seed_crop_1":7,"minecraft:basalt":5,"minecraft:crafting_table":7,"oritech:item_pipe_connection":23,"minecraft:lectern":2,"mekanism:metallurgic_infuser":1,"ars_nouveau:vitalic_sourcelink":1,"ironfurnaces:diamond_furnace":1,"moofluids:fluid_cow_jar":15,"minecraft:sea_pickle":2,"minecraft:redstone_torch":2,"elevatorid:elevator_white":2,"create:mechanical_crafter":1,"minecraft:lodestone":2,"chicken_roost:trainer":2}},"DataVersion":3955}