{
  "mffs:grant_book_on_first_join": {
    "criteria": {
      "guidebook": "2025-11-25 23:05:43 +0100"
    },
    "done": true
  },
  "occultism:chalks/root": {
    "criteria": {
      "always": "2025-11-25 23:05:43 +0100"
    },
    "done": true
  },
  "mekanism:root": {
    "criteria": {
      "automatic": "2025-11-25 23:05:43 +0100"
    },
    "done": true
  },
  "avaritia:root": {
    "criteria": {
      "avaritia:root": "2025-11-25 23:05:43 +0100"
    },
    "done": true
  },
  "occultism:occultism/root": {
    "criteria": {
      "occultism_present": "2025-11-25 23:05:43 +0100"
    },
    "done": true
  },
  "apotheosis:progression/root": {
    "criteria": {
      "tick": "2025-11-25 23:05:43 +0100"
    },
    "done": true
  },
  "ftbstuff:root": {
    "criteria": {
      "0": "2025-11-25 23:05:43 +0100"
    },
    "done": true
  },
  "ae2wtlib:recipe/magnet_card": {
    "criteria": {
      "has_wct": "2025-11-25 23:08:58 +0100"
    },
    "done": true
  },
  "ae2wtlib:recipe/wireless_pattern_encoding_terminal": {
    "criteria": {
      "has_wt": "2025-11-25 23:08:58 +0100"
    },
    "done": true
  },
  "ae2wtlib:recipe/wireless_universal_terminal/upgrade_crafting": {
    "criteria": {
      "has_wct": "2025-11-25 23:08:58 +0100"
    },
    "done": true
  },
  "ae2wtlib:recipe/wireless_universal_terminal/ce": {
    "criteria": {
      "has_wpt": "2025-11-25 23:08:58 +0100",
      "has_wct": "2025-11-25 23:08:58 +0100"
    },
    "done": true
  },
  "create_enchantment_industry:root": {
    "criteria": {
      "0": "2025-11-25 23:08:58 +0100"
    },
    "done": true
  },
  "ae2wtlib:recipe/wireless_universal_terminal/ca": {
    "criteria": {
      "has_wit": "2025-11-25 23:08:58 +0100",
      "has_wct": "2025-11-25 23:08:58 +0100"
    },
    "done": true
  },
  "ae2wtlib:recipe/wireless_universal_terminal/upgrade_pattern_access": {
    "criteria": {
      "has_wit": "2025-11-25 23:08:58 +0100"
    },
    "done": true
  },
  "create_connected:root": {
    "criteria": {
      "0": "2025-11-25 23:08:58 +0100"
    },
    "done": true
  },
  "ae2wtlib:recipe/wireless_universal_terminal/upgrade_pattern_encoding": {
    "criteria": {
      "has_wpt": "2025-11-25 23:08:58 +0100"
    },
    "done": true
  },
  "ae2wtlib:recipe/quantum_bridge_card": {
    "criteria": {
      "has_wit": "2025-11-25 23:08:58 +0100",
      "has_wpt": "2025-11-25 23:08:58 +0100",
      "has_wct": "2025-11-25 23:08:58 +0100"
    },
    "done": true
  },
  "farmersdelight:main/root": {
    "criteria": {
      "seeds": "2025-11-25 23:08:58 +0100"
    },
    "done": true
  },
  "create:root": {
    "criteria": {
      "0": "2025-11-25 23:08:58 +0100"
    },
    "done": true
  },
  "dimdungeons:dungeons/root": {
    "criteria": {
      "keystone_block": "2025-11-25 23:08:58 +0100"
    },
    "done": true
  },
  "ae2wtlib:recipe/wireless_universal_terminal/ae": {
    "criteria": {
      "has_wit": "2025-11-25 23:08:58 +0100",
      "has_wpt": "2025-11-25 23:08:58 +0100"
    },
    "done": true
  },
  "ae2wtlib:recipe/wireless_pattern_access_terminal": {
    "criteria": {
      "has_wt": "2025-11-25 23:08:58 +0100"
    },
    "done": true
  },
  "minecraft:adventure/root": {
    "criteria": {
      "killed_something": "2025-11-25 23:09:55 +0100"
    },
    "done": true
  },
  "minecraft:adventure/kill_all_mobs": {
    "criteria": {
      "minecraft:skeleton": "2025-11-25 23:09:55 +0100",
      "minecraft:enderman": "2025-11-26 00:11:42 +0100",
      "minecraft:silverfish": "2025-11-26 12:25:41 +0100",
      "minecraft:witch": "2025-11-26 00:31:13 +0100",
      "minecraft:spider": "2025-11-26 00:23:45 +0100",
      "minecraft:wither_skeleton": "2025-11-27 00:36:08 +0100",
      "minecraft:zombie": "2025-11-26 00:10:10 +0100",
      "minecraft:creeper": "2025-11-26 00:23:06 +0100",
      "minecraft:drowned": "2025-11-26 12:17:04 +0100",
      "minecraft:zombie_villager": "2025-11-26 00:39:29 +0100",
      "minecraft:slime": "2025-11-26 00:22:23 +0100"
    },
    "done": false
  },
  "minecraft:adventure/kill_a_mob": {
    "criteria": {
      "minecraft:skeleton": "2025-11-25 23:09:55 +0100"
    },
    "done": true
  },
  "minecraft:adventure/sniper_duel": {
    "criteria": {
      "killed_skeleton": "2025-11-25 23:10:03 +0100"
    },
    "done": true
  },
  "farmersdelight:main/master_chef": {
    "criteria": {
      "mixed_salad": "2025-11-25 23:11:45 +0100"
    },
    "done": false
  },
  "minecraft:husbandry/root": {
    "criteria": {
      "consumed_item": "2025-11-25 23:11:45 +0100"
    },
    "done": true
  },
  "minecraft:story/mine_stone": {
    "criteria": {
      "get_stone": "2025-11-25 23:14:36 +0100"
    },
    "done": true
  },
  "constructionstick:root": {
    "criteria": {
      "stick": "2025-11-25 23:20:14 +0100"
    },
    "done": true
  },
  "minecraft:story/mine_diamond": {
    "criteria": {
      "diamond": "2025-11-25 23:21:04 +0100"
    },
    "done": true
  },
  "farmersdelight:main/place_campfire": {
    "criteria": {
      "campfire": "2025-11-25 23:25:55 +0100"
    },
    "done": true
  },
  "farmersdelight:main/harvest_straw": {
    "criteria": {
      "harvest_straw": "2025-11-25 23:27:04 +0100"
    },
    "done": true
  },
  "cataclysm:root": {
    "criteria": {
      "crafting_table": "2025-11-25 23:28:21 +0100"
    },
    "done": true
  },
  "minecraft:story/root": {
    "criteria": {
      "crafting_table": "2025-11-25 23:28:21 +0100"
    },
    "done": true
  },
  "minecraft:story/smelt_iron": {
    "criteria": {
      "iron": "2025-11-25 23:48:49 +0100"
    },
    "done": true
  },
  "minecraft:husbandry/plant_seed": {
    "criteria": {
      "wheat": "2025-11-25 23:51:08 +0100"
    },
    "done": true
  },
  "farmersdelight:main/plant_all_crops": {
    "criteria": {
      "sugar_cane": "2025-11-26 00:06:42 +0100",
      "wheat": "2025-11-25 23:51:08 +0100",
      "melon": "2025-11-26 13:03:32 +0100"
    },
    "done": false
  },
  "petrock:mine_stoneium": {
    "criteria": {
      "get_raw_stoneium": "2025-11-25 23:56:53 +0100"
    },
    "done": true
  },
  "create:copper": {
    "criteria": {
      "0": "2025-11-25 23:59:29 +0100"
    },
    "done": true
  },
  "ae2:main/root": {
    "criteria": {
      "copper": "2025-11-25 23:59:29 +0100"
    },
    "done": true
  },
  "apotheosis:progression/haven": {
    "criteria": {
      "affixed": "2025-11-26 00:11:04 +0100"
    },
    "done": true
  },
  "apotheosis:progression/ascent": {
    "criteria": {
      "uncommon_legs": "2025-11-26 00:11:06 +0100",
      "uncommon_chest": "2025-11-29 00:08:36 +0100",
      "kill_apothic_invader": "2025-11-26 14:04:19 +0100",
      "uncommon_hand": "2025-11-26 00:20:53 +0100",
      "uncommon_helm": "2025-11-28 00:12:48 +0100",
      "uncommon_feet": "2025-11-26 13:51:47 +0100"
    },
    "done": true
  },
  "apotheosis:progression/frontier": {
    "criteria": {
      "common_helm": "2025-11-26 13:10:30 +0100",
      "common_hand": "2025-11-26 00:20:53 +0100",
      "common_chest": "2025-11-26 11:57:11 +0100",
      "common_legs": "2025-11-26 00:11:06 +0100",
      "common_feet": "2025-11-26 11:57:11 +0100"
    },
    "done": true
  },
  "constructionstick:iron_stick": {
    "criteria": {
      "iron_stick": "2025-11-26 00:19:54 +0100"
    },
    "done": true
  },
  "minecraft:husbandry/balanced_diet": {
    "criteria": {
      "bread": "2025-11-26 00:32:49 +0100",
      "golden_apple": "2025-11-27 00:37:35 +0100",
      "cooked_chicken": "2025-11-27 00:23:18 +0100",
      "melon_slice": "2025-11-26 14:12:10 +0100"
    },
    "done": false
  },
  "minecraft:story/upgrade_tools": {
    "criteria": {
      "stone_pickaxe": "2025-11-26 00:46:45 +0100"
    },
    "done": true
  },
  "petrock:root": {
    "criteria": {
      "get_pick_to_mine_stoneium": "2025-11-26 00:46:45 +0100"
    },
    "done": true
  },
  "minecraft:husbandry/bred_all_animals": {
    "criteria": {
      "minecraft:chicken": "2025-11-26 01:03:17 +0100"
    },
    "done": false
  },
  "minecraft:husbandry/breed_an_animal": {
    "criteria": {
      "bred": "2025-11-26 01:03:17 +0100"
    },
    "done": true
  },
  "farmersdelight:main/use_cutting_board": {
    "criteria": {
      "cutting_board": "2025-11-26 01:23:48 +0100"
    },
    "done": true
  },
  "minecraft:story/iron_tools": {
    "criteria": {
      "iron_pickaxe": "2025-11-26 01:27:25 +0100"
    },
    "done": true
  },
  "minecraft:story/lava_bucket": {
    "criteria": {
      "lava_bucket": "2025-11-26 01:40:28 +0100"
    },
    "done": true
  },
  "mekanism:metallurgic_infuser": {
    "criteria": {
      "metallurgic_infuser": "2025-11-26 11:51:00 +0100"
    },
    "done": true
  },
  "mekanismgenerators:heat_generator": {
    "criteria": {
      "heat_generator": "2025-11-26 11:51:31 +0100"
    },
    "done": true
  },
  "minecraft:story/shiny_gear": {
    "criteria": {
      "diamond_helmet": "2025-11-26 11:58:39 +0100"
    },
    "done": true
  },
  "projecte:alchemical_bag": {
    "criteria": {
      "bag": "2025-11-26 12:23:07 +0100"
    },
    "done": true
  },
  "minecraft:story/obtain_armor": {
    "criteria": {
      "iron_helmet": "2025-11-26 12:24:10 +0100"
    },
    "done": true
  },
  "twilightforest:arborist": {
    "criteria": {
      "darkwood_sapling": "2025-11-26 12:29:03 +0100"
    },
    "done": false
  },
  "minecraft:adventure/salvage_sherd": {
    "criteria": {
      "has_sherd": "2025-11-26 12:42:08 +0100"
    },
    "done": false
  },
  "ars_nouveau:root": {
    "criteria": {
      "ars_nouveau:worn_notebook": "2025-11-26 12:57:14 +0100"
    },
    "done": true
  },
  "ae2:main/presses": {
    "criteria": {
      "calculation": "2025-11-26 12:57:20 +0100",
      "silicon": "2025-11-26 12:57:20 +0100",
      "engineering": "2025-11-26 12:57:20 +0100",
      "logic": "2025-11-26 12:57:20 +0100"
    },
    "done": true
  },
  "ars_nouveau:imbuement_chamber": {
    "criteria": {
      "has_imbuement_chamber": "2025-11-26 12:58:14 +0100"
    },
    "done": true
  },
  "ars_nouveau:source_jar": {
    "criteria": {
      "has_source_jar": "2025-11-26 13:01:42 +0100"
    },
    "done": true
  },
  "minecraft:oritech/overenchanted": {
    "criteria": {
      "got_overenchanted": "2025-11-26 13:06:15 +0100"
    },
    "done": true
  },
  "create:wrench_goggles": {
    "criteria": {
      "0": "2025-11-26 13:39:22 +0100"
    },
    "done": false
  },
  "minecraft:story/form_obsidian": {
    "criteria": {
      "obsidian": "2025-11-26 14:08:39 +0100"
    },
    "done": true
  },
  "minecraft:husbandry/tame_an_animal": {
    "criteria": {
      "tamed_animal": "2025-11-26 14:27:55 +0100"
    },
    "done": true
  },
  "minecraft:husbandry/complete_catalogue": {
    "criteria": {
      "minecraft:black": "2025-11-26 14:27:55 +0100"
    },
    "done": false
  },
  "mekanism:teleportation_core": {
    "criteria": {
      "teleportation_core": "2025-11-26 15:46:33 +0100"
    },
    "done": true
  },
  "mekanism:fluid_tank": {
    "criteria": {
      "basic_fluid_tank": "2025-11-26 15:46:38 +0100"
    },
    "done": true
  },
  "immersiveengineering:main/creosote": {
    "criteria": {
      "has_item": "2025-11-26 15:51:31 +0100"
    },
    "done": true
  },
  "immersiveengineering:main/craft_treatedwood": {
    "criteria": {
      "has_item": "2025-11-26 15:51:43 +0100"
    },
    "done": true
  },
  "immersiveengineering:tools/tools_root": {
    "criteria": {
      "has_item": "2025-11-26 15:52:36 +0100"
    },
    "done": true
  },
  "immersiveengineering:main/craft_workbench": {
    "criteria": {
      "has_item": "2025-11-26 15:52:36 +0100"
    },
    "done": true
  },
  "immersiveengineering:main/craft_hammer": {
    "criteria": {
      "has_item": "2025-11-26 15:56:32 +0100"
    },
    "done": true
  },
  "mekanism:chemical_transport": {
    "criteria": {
      "basic_pressurized_tube": "2025-11-26 16:03:45 +0100"
    },
    "done": true
  },
  "mekanism:fluid_transport": {
    "criteria": {
      "basic_mechanical_pipe": "2025-11-26 16:08:48 +0100"
    },
    "done": true
  },
  "mekanism:configurator": {
    "criteria": {
      "configurator": "2025-11-26 16:11:49 +0100"
    },
    "done": true
  },
  "mekanism:basic_control_circuit": {
    "criteria": {
      "basic_control_circuit": "2025-11-26 23:32:34 +0100"
    },
    "done": true
  },
  "create:andesite_alloy": {
    "criteria": {
      "0": "2025-11-26 23:44:51 +0100"
    },
    "done": true
  },
  "irons_spellbooks:irons_spellbooks/ink_root": {
    "criteria": {
      "requirement": "2025-11-27 00:35:19 +0100"
    },
    "done": true
  },
  "create:burner": {
    "criteria": {
      "0": "2025-11-27 00:41:45 +0100"
    },
    "done": true
  },
  "minecraft:nether/obtain_ancient_debris": {
    "criteria": {
      "ancient_debris": "2025-11-27 00:41:46 +0100"
    },
    "done": true
  },
  "mekanism:running_free": {
    "criteria": {
      "free_runners": "2025-11-27 01:10:43 +0100"
    },
    "done": true
  },
  "artifacts:chest_slayer": {
    "criteria": {
      "kill_mimic": "2025-11-27 01:27:30 +0100"
    },
    "done": true
  },
  "ars_nouveau:novice_spell_book": {
    "criteria": {
      "has_novice_spell_book": "2025-11-27 22:41:37 +0100"
    },
    "done": true
  },
  "ars_nouveau:ritual_brazier": {
    "criteria": {
      "has_ritual_brazier": "2025-11-27 22:59:21 +0100"
    },
    "done": true
  },
  "immersiveengineering:manual/resonanz": {
    "criteria": {
      "has_item": "2025-11-27 23:07:17 +0100"
    },
    "done": true
  },
  "apothic_enchanting:enchanter": {
    "criteria": {
      "enchanting_table": "2025-11-27 23:21:03 +0100"
    },
    "done": true
  },
  "mekanism:item_transport": {
    "criteria": {
      "basic_logistical_transporter": "2025-11-27 23:34:33 +0100"
    },
    "done": true
  },
  "mekanism:infused_alloy": {
    "criteria": {
      "alloy_infused": "2025-11-27 23:36:42 +0100"
    },
    "done": true
  },
  "create:precision_mechanism": {
    "criteria": {
      "0": "2025-11-27 23:46:37 +0100"
    },
    "done": true
  },
  "artifacts:amateur_archaeologist": {
    "criteria": {
      "find_artifact": "2025-11-28 01:07:11 +0100"
    },
    "done": true
  },
  "ae2:main/compass": {
    "criteria": {
      "compass": "2025-11-28 01:16:39 +0100"
    },
    "done": true
  },
  "mekanism:energy_transport": {
    "criteria": {
      "basic_universal_cable": "2025-11-28 01:31:17 +0100"
    },
    "done": true
  },
  "minecraft:oritech/centrifuge": {
    "criteria": {
      "got_centrifuge": "2025-11-28 13:54:09 +0100"
    },
    "done": true
  },
  "mekanism:logistical_sorter": {
    "criteria": {
      "logistical_sorter": "2025-11-28 14:21:18 +0100"
    },
    "done": true
  },
  "jumbofurnace:upgrade_jumbo_furnace": {
    "criteria": {
      "upgrade_jumbo_furnace": "2025-11-28 14:26:00 +0100"
    },
    "done": true
  },
  "jumbofurnace:fully_upgrade_jumbo_furnace": {
    "criteria": {
      "fully_upgrade_jumbo_furnace": "2025-11-28 14:26:00 +0100"
    },
    "done": true
  },
  "minecraft:husbandry/whole_pack": {
    "criteria": {
      "minecraft:pale": "2025-11-28 15:02:46 +0100"
    },
    "done": false
  },
  "twilightforest:fiery_set": {
    "criteria": {
      "fiery_helmet": "2025-11-29 03:24:30 +0100"
    },
    "done": false
  },
  "mekanism:energy_cube": {
    "criteria": {
      "basic_energy_cube": "2025-11-28 22:23:06 +0100"
    },
    "done": true
  },
  "ae2:main/charger": {
    "criteria": {
      "certus": "2025-11-29 02:05:56 +0100"
    },
    "done": true
  },
  "mekanism:alloy_upgrading": {
    "criteria": {
      "upgrade": "2025-11-28 22:18:36 +0100"
    },
    "done": true
  },
  "mekanism:steel_casing": {
    "criteria": {
      "steel_casing": "2025-11-29 02:41:23 +0100"
    },
    "done": true
  },
  "mekanism:elite_control_circuit": {
    "criteria": {
      "elite_control_circuit": "2025-11-29 02:35:31 +0100"
    },
    "done": true
  },
  "mekanism:reinforced_alloy": {
    "criteria": {
      "alloy_reinforced": "2025-11-29 02:35:17 +0100"
    },
    "done": true
  },
  "ae2:main/fluix": {
    "criteria": {
      "certus": "2025-11-29 02:08:26 +0100"
    },
    "done": true
  },
  "mekanism:atomic_alloy": {
    "criteria": {
      "alloy_atomic": "2025-11-29 02:46:19 +0100"
    },
    "done": true
  },
  "simplyswords:soulstealer": {
    "criteria": {
      "requirement": "2025-11-29 00:04:16 +0100"
    },
    "done": true
  },
  "ae2:main/charged_quartz": {
    "criteria": {
      "certus": "2025-11-29 02:06:38 +0100"
    },
    "done": true
  },
  "DataVersion": 3955
}