{
  "mffs:grant_book_on_first_join": {
    "criteria": {
      "guidebook": "2025-11-26 12:37:42 +0100"
    },
    "done": true
  },
  "occultism:chalks/root": {
    "criteria": {
      "always": "2025-11-26 12:37:43 +0100"
    },
    "done": true
  },
  "mekanism:root": {
    "criteria": {
      "automatic": "2025-11-26 12:37:43 +0100"
    },
    "done": true
  },
  "avaritia:root": {
    "criteria": {
      "avaritia:root": "2025-11-26 12:37:43 +0100"
    },
    "done": true
  },
  "occultism:occultism/root": {
    "criteria": {
      "occultism_present": "2025-11-26 12:37:43 +0100"
    },
    "done": true
  },
  "apotheosis:progression/root": {
    "criteria": {
      "tick": "2025-11-26 12:37:43 +0100"
    },
    "done": true
  },
  "ftbstuff:root": {
    "criteria": {
      "0": "2025-11-26 12:37:43 +0100"
    },
    "done": true
  },
  "ae2wtlib:recipe/magnet_card": {
    "criteria": {
      "has_wct": "2025-11-26 12:38:35 +0100"
    },
    "done": true
  },
  "ae2wtlib:recipe/wireless_pattern_encoding_terminal": {
    "criteria": {
      "has_wt": "2025-11-26 12:38:35 +0100"
    },
    "done": true
  },
  "ae2wtlib:recipe/wireless_universal_terminal/upgrade_crafting": {
    "criteria": {
      "has_wct": "2025-11-26 12:38:35 +0100"
    },
    "done": true
  },
  "ae2wtlib:recipe/wireless_universal_terminal/ce": {
    "criteria": {
      "has_wpt": "2025-11-26 12:38:35 +0100",
      "has_wct": "2025-11-26 12:38:35 +0100"
    },
    "done": true
  },
  "create_enchantment_industry:root": {
    "criteria": {
      "0": "2025-11-26 12:38:35 +0100"
    },
    "done": true
  },
  "ae2wtlib:recipe/wireless_universal_terminal/ca": {
    "criteria": {
      "has_wit": "2025-11-26 12:38:35 +0100",
      "has_wct": "2025-11-26 12:38:35 +0100"
    },
    "done": true
  },
  "ae2wtlib:recipe/wireless_universal_terminal/upgrade_pattern_access": {
    "criteria": {
      "has_wit": "2025-11-26 12:38:35 +0100"
    },
    "done": true
  },
  "create_connected:root": {
    "criteria": {
      "0": "2025-11-26 12:38:35 +0100"
    },
    "done": true
  },
  "minecraft:story/mine_stone": {
    "criteria": {
      "get_stone": "2025-11-26 12:38:35 +0100"
    },
    "done": true
  },
  "ae2wtlib:recipe/wireless_universal_terminal/upgrade_pattern_encoding": {
    "criteria": {
      "has_wpt": "2025-11-26 12:38:35 +0100"
    },
    "done": true
  },
  "ae2wtlib:recipe/quantum_bridge_card": {
    "criteria": {
      "has_wit": "2025-11-26 12:38:35 +0100",
      "has_wpt": "2025-11-26 12:38:35 +0100",
      "has_wct": "2025-11-26 12:38:35 +0100"
    },
    "done": true
  },
  "farmersdelight:main/root": {
    "criteria": {
      "seeds": "2025-11-26 12:38:35 +0100"
    },
    "done": true
  },
  "create:root": {
    "criteria": {
      "0": "2025-11-26 12:38:35 +0100"
    },
    "done": true
  },
  "dimdungeons:dungeons/root": {
    "criteria": {
      "keystone_block": "2025-11-26 12:38:35 +0100"
    },
    "done": true
  },
  "ae2wtlib:recipe/wireless_universal_terminal/ae": {
    "criteria": {
      "has_wit": "2025-11-26 12:38:35 +0100",
      "has_wpt": "2025-11-26 12:38:35 +0100"
    },
    "done": true
  },
  "ae2wtlib:recipe/wireless_pattern_access_terminal": {
    "criteria": {
      "has_wt": "2025-11-26 12:38:35 +0100"
    },
    "done": true
  },
  "minecraft:story/obtain_armor": {
    "criteria": {
      "iron_helmet": "2025-11-26 12:39:26 +0100"
    },
    "done": true
  },
  "apotheosis:progression/haven": {
    "criteria": {
      "affixed": "2025-11-26 12:39:28 +0100"
    },
    "done": true
  },
  "minecraft:story/iron_tools": {
    "criteria": {
      "iron_pickaxe": "2025-11-26 12:39:32 +0100"
    },
    "done": true
  },
  "apotheosis:progression/ascent": {
    "criteria": {
      "uncommon_legs": "2025-11-26 12:39:46 +0100",
      "uncommon_chest": "2025-11-26 12:39:46 +0100",
      "uncommon_hand": "2025-11-26 12:39:45 +0100"
    },
    "done": false
  },
  "apotheosis:progression/frontier": {
    "criteria": {
      "common_helm": "2025-11-26 14:29:20 +0100",
      "common_hand": "2025-11-26 12:39:45 +0100",
      "common_chest": "2025-11-26 12:39:46 +0100",
      "common_legs": "2025-11-26 12:39:46 +0100"
    },
    "done": false
  },
  "minecraft:story/shiny_gear": {
    "criteria": {
      "diamond_helmet": "2025-11-26 12:39:50 +0100"
    },
    "done": true
  },
  "minecraft:husbandry/balanced_diet": {
    "criteria": {
      "apple": "2025-11-26 12:46:43 +0100",
      "golden_apple": "2025-11-26 13:59:02 +0100",
      "cooked_mutton": "2025-11-26 14:27:42 +0100"
    },
    "done": false
  },
  "minecraft:husbandry/root": {
    "criteria": {
      "consumed_item": "2025-11-26 12:46:43 +0100"
    },
    "done": true
  },
  "constructionstick:root": {
    "criteria": {
      "stick": "2025-11-26 12:55:04 +0100"
    },
    "done": true
  },
  "minecraft:oritech/overenchanted": {
    "criteria": {
      "got_overenchanted": "2025-11-26 12:55:37 +0100"
    },
    "done": true
  },
  "minecraft:oritech/assembler": {
    "criteria": {
      "got_assembler": "2025-11-26 12:55:43 +0100"
    },
    "done": true
  },
  "ars_nouveau:root": {
    "criteria": {
      "ars_nouveau:worn_notebook": "2025-11-26 12:57:18 +0100"
    },
    "done": true
  },
  "create:wrench_goggles": {
    "criteria": {
      "0": "2025-11-26 13:14:25 +0100"
    },
    "done": false
  },
  "apothic_spawners:capturing": {
    "criteria": {
      "egg": "2025-11-26 13:58:38 +0100"
    },
    "done": true
  },
  "apothic_enchanting:enchanter": {
    "criteria": {
      "enchanting_table": "2025-11-26 14:28:46 +0100"
    },
    "done": true
  },
  "projecte:alchemical_bag": {
    "criteria": {
      "bag": "2025-11-26 13:51:33 +0100"
    },
    "done": true
  },
  "mekanism:fluid_tank": {
    "criteria": {
      "basic_fluid_tank": "2025-11-26 14:26:47 +0100"
    },
    "done": true
  },
  "minecraft:story/deflect_arrow": {
    "criteria": {
      "deflected_projectile": "2025-11-26 14:15:39 +0100"
    },
    "done": true
  },
  "mekanism:basic_control_circuit": {
    "criteria": {
      "basic_control_circuit": "2025-11-26 14:29:52 +0100"
    },
    "done": true
  },
  "minecraft:story/upgrade_tools": {
    "criteria": {
      "stone_pickaxe": "2025-11-26 14:34:03 +0100"
    },
    "done": true
  },
  "create:copper": {
    "criteria": {
      "0": "2025-11-26 13:58:00 +0100"
    },
    "done": true
  },
  "farmersdelight:main/get_fd_seed": {
    "criteria": {
      "tomato_seeds": "2025-11-26 14:00:09 +0100"
    },
    "done": true
  },
  "minecraft:story/smelt_iron": {
    "criteria": {
      "iron": "2025-11-26 13:48:51 +0100"
    },
    "done": true
  },
  "minecraft:adventure/root": {
    "criteria": {
      "killed_something": "2025-11-26 13:46:53 +0100"
    },
    "done": true
  },
  "minecraft:adventure/kill_all_mobs": {
    "criteria": {
      "minecraft:pillager": "2025-11-26 13:53:04 +0100",
      "minecraft:skeleton": "2025-11-26 13:49:37 +0100",
      "minecraft:vindicator": "2025-11-26 14:01:39 +0100",
      "minecraft:silverfish": "2025-11-26 14:26:10 +0100",
      "minecraft:witch": "2025-11-26 13:47:23 +0100",
      "minecraft:spider": "2025-11-26 13:46:53 +0100",
      "minecraft:zombie": "2025-11-26 13:49:34 +0100",
      "minecraft:creeper": "2025-11-26 14:01:41 +0100"
    },
    "done": false
  },
  "minecraft:adventure/kill_a_mob": {
    "criteria": {
      "minecraft:spider": "2025-11-26 13:46:53 +0100"
    },
    "done": true
  },
  "petrock:root": {
    "criteria": {
      "get_pick_to_mine_stoneium": "2025-11-26 14:34:03 +0100"
    },
    "done": true
  },
  "ae2:main/root": {
    "criteria": {
      "copper": "2025-11-26 13:58:00 +0100"
    },
    "done": true
  },
  "minecraft:adventure/trade": {
    "criteria": {
      "traded": "2025-11-26 13:32:57 +0100"
    },
    "done": true
  },
  "minecraft:story/mine_diamond": {
    "criteria": {
      "diamond": "2025-11-26 13:36:54 +0100"
    },
    "done": true
  },
  "DataVersion": 3955
}