{
  "mffs:grant_book_on_first_join": {
    "criteria": {
      "guidebook": "2025-11-25 22:55:53 +0100"
    },
    "done": true
  },
  "occultism:chalks/root": {
    "criteria": {
      "always": "2025-11-25 22:55:53 +0100"
    },
    "done": true
  },
  "mekanism:root": {
    "criteria": {
      "automatic": "2025-11-25 22:55:53 +0100"
    },
    "done": true
  },
  "avaritia:root": {
    "criteria": {
      "avaritia:root": "2025-11-25 22:55:53 +0100"
    },
    "done": true
  },
  "occultism:occultism/root": {
    "criteria": {
      "occultism_present": "2025-11-25 22:55:53 +0100"
    },
    "done": true
  },
  "apotheosis:progression/root": {
    "criteria": {
      "tick": "2025-11-25 22:55:53 +0100"
    },
    "done": true
  },
  "ftbstuff:root": {
    "criteria": {
      "0": "2025-11-25 22:55:53 +0100"
    },
    "done": true
  },
  "ae2wtlib:recipe/magnet_card": {
    "criteria": {
      "has_wct": "2025-11-25 23:08:59 +0100"
    },
    "done": true
  },
  "ae2wtlib:recipe/wireless_pattern_encoding_terminal": {
    "criteria": {
      "has_wt": "2025-11-25 23:08:59 +0100"
    },
    "done": true
  },
  "ae2wtlib:recipe/wireless_universal_terminal/upgrade_crafting": {
    "criteria": {
      "has_wct": "2025-11-25 23:08:59 +0100"
    },
    "done": true
  },
  "ae2wtlib:recipe/wireless_universal_terminal/ce": {
    "criteria": {
      "has_wpt": "2025-11-25 23:08:59 +0100",
      "has_wct": "2025-11-25 23:08:59 +0100"
    },
    "done": true
  },
  "create_enchantment_industry:root": {
    "criteria": {
      "0": "2025-11-25 23:08:59 +0100"
    },
    "done": true
  },
  "ae2wtlib:recipe/wireless_universal_terminal/ca": {
    "criteria": {
      "has_wit": "2025-11-25 23:08:59 +0100",
      "has_wct": "2025-11-25 23:08:59 +0100"
    },
    "done": true
  },
  "ae2wtlib:recipe/wireless_universal_terminal/upgrade_pattern_access": {
    "criteria": {
      "has_wit": "2025-11-25 23:08:59 +0100"
    },
    "done": true
  },
  "create_connected:root": {
    "criteria": {
      "0": "2025-11-25 23:08:59 +0100"
    },
    "done": true
  },
  "ae2wtlib:recipe/wireless_universal_terminal/upgrade_pattern_encoding": {
    "criteria": {
      "has_wpt": "2025-11-25 23:08:59 +0100"
    },
    "done": true
  },
  "ae2wtlib:recipe/quantum_bridge_card": {
    "criteria": {
      "has_wit": "2025-11-25 23:08:59 +0100",
      "has_wpt": "2025-11-25 23:08:59 +0100",
      "has_wct": "2025-11-25 23:08:59 +0100"
    },
    "done": true
  },
  "farmersdelight:main/root": {
    "criteria": {
      "seeds": "2025-11-25 23:08:59 +0100"
    },
    "done": true
  },
  "create:root": {
    "criteria": {
      "0": "2025-11-25 23:08:59 +0100"
    },
    "done": true
  },
  "dimdungeons:dungeons/root": {
    "criteria": {
      "keystone_block": "2025-11-25 23:08:59 +0100"
    },
    "done": true
  },
  "ae2wtlib:recipe/wireless_universal_terminal/ae": {
    "criteria": {
      "has_wit": "2025-11-25 23:08:59 +0100",
      "has_wpt": "2025-11-25 23:08:59 +0100"
    },
    "done": true
  },
  "ae2wtlib:recipe/wireless_pattern_access_terminal": {
    "criteria": {
      "has_wt": "2025-11-25 23:08:59 +0100"
    },
    "done": true
  },
  "minecraft:story/mine_diamond": {
    "criteria": {
      "diamond": "2025-11-25 23:09:36 +0100"
    },
    "done": true
  },
  "minecraft:adventure/root": {
    "criteria": {
      "killed_by_something": "2025-11-25 23:10:05 +0100"
    },
    "done": true
  },
  "minecraft:adventure/kill_all_mobs": {
    "criteria": {
      "minecraft:pillager": "2025-11-26 12:16:16 +0100",
      "minecraft:skeleton": "2025-11-25 23:10:33 +0100",
      "minecraft:witch": "2025-11-26 00:09:25 +0100",
      "minecraft:wither_skeleton": "2025-11-27 00:36:07 +0100",
      "minecraft:husk": "2025-11-28 14:41:16 +0100",
      "minecraft:vindicator": "2025-11-26 12:27:54 +0100",
      "minecraft:enderman": "2025-11-26 00:12:33 +0100",
      "minecraft:silverfish": "2025-11-26 12:18:49 +0100",
      "minecraft:spider": "2025-11-26 00:09:54 +0100",
      "minecraft:zombie": "2025-11-26 00:09:12 +0100",
      "minecraft:creeper": "2025-11-26 00:13:30 +0100",
      "minecraft:drowned": "2025-11-26 12:17:08 +0100",
      "minecraft:zombie_villager": "2025-11-26 00:21:40 +0100",
      "minecraft:slime": "2025-11-26 00:13:37 +0100"
    },
    "done": false
  },
  "minecraft:adventure/kill_a_mob": {
    "criteria": {
      "minecraft:skeleton": "2025-11-25 23:10:33 +0100"
    },
    "done": true
  },
  "minecraft:story/mine_stone": {
    "criteria": {
      "get_stone": "2025-11-25 23:13:01 +0100"
    },
    "done": true
  },
  "cataclysm:root": {
    "criteria": {
      "crafting_table": "2025-11-25 23:13:19 +0100"
    },
    "done": true
  },
  "minecraft:story/root": {
    "criteria": {
      "crafting_table": "2025-11-25 23:13:19 +0100"
    },
    "done": true
  },
  "minecraft:husbandry/balanced_diet": {
    "criteria": {
      "apple": "2025-11-25 23:21:37 +0100",
      "bread": "2025-11-26 00:59:52 +0100",
      "golden_apple": "2025-11-27 00:43:59 +0100",
      "cooked_chicken": "2025-11-27 00:39:04 +0100",
      "golden_carrot": "2025-11-26 12:46:27 +0100"
    },
    "done": false
  },
  "minecraft:husbandry/root": {
    "criteria": {
      "consumed_item": "2025-11-25 23:21:37 +0100"
    },
    "done": true
  },
  "constructionstick:root": {
    "criteria": {
      "stick": "2025-11-25 23:22:53 +0100"
    },
    "done": true
  },
  "farmersdelight:main/harvest_straw": {
    "criteria": {
      "harvest_straw": "2025-11-25 23:30:35 +0100"
    },
    "done": true
  },
  "farmersdelight:main/master_chef": {
    "criteria": {
      "mixed_salad": "2025-11-25 23:34:15 +0100"
    },
    "done": false
  },
  "minecraft:story/smelt_iron": {
    "criteria": {
      "iron": "2025-11-25 23:41:10 +0100"
    },
    "done": true
  },
  "create:copper": {
    "criteria": {
      "0": "2025-11-25 23:57:11 +0100"
    },
    "done": true
  },
  "ae2:main/root": {
    "criteria": {
      "copper": "2025-11-25 23:57:11 +0100"
    },
    "done": true
  },
  "mekanism:teleportation_core": {
    "criteria": {
      "teleportation_core": "2025-11-26 00:08:49 +0100"
    },
    "done": true
  },
  "apotheosis:progression/haven": {
    "criteria": {
      "affixed": "2025-11-26 00:21:50 +0100"
    },
    "done": true
  },
  "apotheosis:progression/frontier": {
    "criteria": {
      "common_hand": "2025-11-26 00:29:39 +0100",
      "common_chest": "2025-11-26 00:21:58 +0100",
      "common_feet": "2025-11-26 00:29:39 +0100"
    },
    "done": false
  },
  "constructionstick:iron_stick": {
    "criteria": {
      "iron_stick": "2025-11-26 00:23:40 +0100"
    },
    "done": true
  },
  "petrock:get_petrock": {
    "criteria": {
      "get_petrock": "2025-11-26 00:57:15 +0100"
    },
    "done": true
  },
  "minecraft:husbandry/bred_all_animals": {
    "criteria": {
      "minecraft:chicken": "2025-11-26 01:13:18 +0100",
      "minecraft:pig": "2025-11-26 01:05:10 +0100"
    },
    "done": false
  },
  "minecraft:husbandry/breed_an_animal": {
    "criteria": {
      "bred": "2025-11-26 01:05:10 +0100"
    },
    "done": true
  },
  "farmersdelight:main/use_cutting_board": {
    "criteria": {
      "cutting_board": "2025-11-26 01:21:55 +0100"
    },
    "done": true
  },
  "minecraft:adventure/salvage_sherd": {
    "criteria": {
      "has_sherd": "2025-11-26 01:25:41 +0100"
    },
    "done": false
  },
  "immersiveengineering:main/craft_hammer": {
    "criteria": {
      "has_item": "2025-11-26 01:36:24 +0100"
    },
    "done": true
  },
  "minecraft:story/iron_tools": {
    "criteria": {
      "iron_pickaxe": "2025-11-26 10:57:54 +0100"
    },
    "done": true
  },
  "minecraft:adventure/trade": {
    "criteria": {
      "traded": "2025-11-26 11:18:38 +0100"
    },
    "done": true
  },
  "minecraft:story/shiny_gear": {
    "criteria": {
      "diamond_chestplate": "2025-11-26 11:38:23 +0100"
    },
    "done": true
  },
  "minecraft:story/lava_bucket": {
    "criteria": {
      "lava_bucket": "2025-11-26 11:42:27 +0100"
    },
    "done": true
  },
  "actuallyadditions:craft_coffee_machine": {
    "criteria": {
      "coffee_machine": "2025-11-26 11:47:31 +0100"
    },
    "done": true
  },
  "minecraft:story/form_obsidian": {
    "criteria": {
      "obsidian": "2025-11-26 11:48:59 +0100"
    },
    "done": true
  },
  "apothic_enchanting:enchanter": {
    "criteria": {
      "enchanting_table": "2025-11-26 11:50:48 +0100"
    },
    "done": true
  },
  "minecraft:adventure/shoot_arrow": {
    "criteria": {
      "shot_arrow": "2025-11-26 12:18:55 +0100"
    },
    "done": true
  },
  "simplyswords:simplyswords": {
    "criteria": {
      "requirement": "2025-11-26 12:20:39 +0100"
    },
    "done": true
  },
  "apotheosis:progression/ascent": {
    "criteria": {
      "uncommon_chest": "2025-11-28 14:41:36 +0100",
      "kill_apothic_invader": "2025-11-26 14:19:07 +0100",
      "uncommon_hand": "2025-11-26 12:20:39 +0100"
    },
    "done": false
  },
  "minecraft:adventure/throw_trident": {
    "criteria": {
      "shot_trident": "2025-11-26 12:23:24 +0100"
    },
    "done": true
  },
  "minecraft:story/upgrade_tools": {
    "criteria": {
      "stone_pickaxe": "2025-11-26 12:24:23 +0100"
    },
    "done": true
  },
  "petrock:root": {
    "criteria": {
      "get_pick_to_mine_stoneium": "2025-11-26 12:24:23 +0100"
    },
    "done": true
  },
  "simplyswords:soulstealer": {
    "criteria": {
      "requirement": "2025-11-26 12:27:16 +0100"
    },
    "done": true
  },
  "minecraft:story/obtain_armor": {
    "criteria": {
      "iron_boots": "2025-11-26 12:28:00 +0100"
    },
    "done": true
  },
  "apothic_spawners:capturing": {
    "criteria": {
      "egg": "2025-11-26 12:37:44 +0100"
    },
    "done": true
  },
  "mekanismgenerators:heat_generator": {
    "criteria": {
      "heat_generator": "2025-11-26 12:42:11 +0100"
    },
    "done": true
  },
  "ars_nouveau:root": {
    "criteria": {
      "ars_nouveau:worn_notebook": "2025-11-26 12:57:25 +0100"
    },
    "done": true
  },
  "ars_nouveau:novice_spell_book": {
    "criteria": {
      "has_novice_spell_book": "2025-11-26 13:02:09 +0100"
    },
    "done": true
  },
  "create:andesite_alloy": {
    "criteria": {
      "0": "2025-11-26 13:14:16 +0100"
    },
    "done": true
  },
  "create:wrench_goggles": {
    "criteria": {
      "0": "2025-11-26 13:14:30 +0100"
    },
    "done": false
  },
  "immersiveengineering:main/mb_cokeoven": {
    "criteria": {
      "form_multiblock": "2025-11-26 13:20:59 +0100"
    },
    "done": true
  },
  "mekanism:fluid_tank": {
    "criteria": {
      "basic_fluid_tank": "2025-11-26 13:42:32 +0100"
    },
    "done": true
  },
  "create:andesite_casing": {
    "criteria": {
      "0": "2025-11-26 13:45:48 +0100"
    },
    "done": true
  },
  "create:water_wheel": {
    "criteria": {
      "0": "2025-11-26 13:46:48 +0100"
    },
    "done": true
  },
  "create:shifting_gears": {
    "criteria": {
      "0": "2025-11-26 13:47:11 +0100"
    },
    "done": true
  },
  "create:mechanical_press": {
    "criteria": {
      "0": "2025-11-26 13:48:39 +0100"
    },
    "done": true
  },
  "create:saw_processing": {
    "criteria": {
      "0": "2025-11-26 13:50:05 +0100"
    },
    "done": true
  },
  "projecte:alchemical_bag": {
    "criteria": {
      "bag": "2025-11-26 14:13:51 +0100"
    },
    "done": true
  },
  "create:mechanical_mixer": {
    "criteria": {
      "0": "2025-11-26 14:16:02 +0100"
    },
    "done": true
  },
  "create:copper_casing": {
    "criteria": {
      "0": "2025-11-26 14:19:35 +0100"
    },
    "done": true
  },
  "farmersdelight:main/plant_all_crops": {
    "criteria": {
      "kelp": "2025-11-26 14:20:50 +0100"
    },
    "done": false
  },
  "create:belt": {
    "criteria": {
      "0": "2025-11-26 14:21:52 +0100"
    },
    "done": true
  },
  "create:rose_quartz": {
    "criteria": {
      "0": "2025-11-26 14:26:21 +0100"
    },
    "done": true
  },
  "create:deployer": {
    "criteria": {
      "0": "2025-11-26 14:28:07 +0100"
    },
    "done": true
  },
  "create:precision_mechanism": {
    "criteria": {
      "0": "2025-11-26 14:30:55 +0100"
    },
    "done": true
  },
  "create:brass_casing": {
    "criteria": {
      "0": "2025-11-26 14:31:53 +0100"
    },
    "done": true
  },
  "create:speed_controller": {
    "criteria": {
      "0": "2025-11-26 14:33:48 +0100"
    },
    "done": true
  },
  "mekanism:chemical_transport": {
    "criteria": {
      "basic_pressurized_tube": "2025-11-26 16:05:35 +0100"
    },
    "done": true
  },
  "mekanism:fluid_transport": {
    "criteria": {
      "basic_mechanical_pipe": "2025-11-26 16:10:03 +0100"
    },
    "done": true
  },
  "immersiveengineering:main/craft_treatedwood": {
    "criteria": {
      "has_item": "2025-11-26 16:20:22 +0100"
    },
    "done": true
  },
  "create_enchantment_industry:grind_to_polish": {
    "criteria": {
      "0": "2025-11-26 23:36:02 +0100"
    },
    "done": true
  },
  "create:mechanical_crafter": {
    "criteria": {
      "0": "2025-11-26 23:46:48 +0100"
    },
    "done": true
  },
  "create:crushing_wheel": {
    "criteria": {
      "0": "2025-11-26 23:53:36 +0100"
    },
    "done": true
  },
  "create:chute": {
    "criteria": {
      "0": "2025-11-26 23:56:45 +0100"
    },
    "done": true
  },
  "mekanism:configurator": {
    "criteria": {
      "configurator": "2025-11-26 23:59:54 +0100"
    },
    "done": true
  },
  "create:spout": {
    "criteria": {
      "0": "2025-11-27 00:00:42 +0100"
    },
    "done": true
  },
  "create:train_casing_00": {
    "criteria": {
      "0": "2025-11-27 00:02:24 +0100"
    },
    "done": true
  },
  "artifacts:chest_slayer": {
    "criteria": {
      "kill_mimic": "2025-11-27 00:34:02 +0100"
    },
    "done": true
  },
  "minecraft:oritech/overenchanted": {
    "criteria": {
      "got_overenchanted": "2025-11-27 00:36:08 +0100"
    },
    "done": true
  },
  "artifacts:amateur_archaeologist": {
    "criteria": {
      "find_artifact": "2025-11-27 00:52:45 +0100"
    },
    "done": true
  },
  "mekanism:running_free": {
    "criteria": {
      "free_runners": "2025-11-27 01:10:52 +0100"
    },
    "done": true
  },
  "ars_nouveau:source_jar": {
    "criteria": {
      "has_source_jar": "2025-11-27 23:09:59 +0100"
    },
    "done": true
  },
  "ars_nouveau:enchanting_apparatus": {
    "criteria": {
      "has_enchanting_apparatus": "2025-11-27 23:14:32 +0100"
    },
    "done": true
  },
  "apothic_enchanting:bookshelf": {
    "criteria": {
      "bookshelf": "2025-11-27 23:17:46 +0100"
    },
    "done": true
  },
  "ars_nouveau:ritual_brazier": {
    "criteria": {
      "has_ritual_brazier": "2025-11-27 23:29:12 +0100"
    },
    "done": true
  },
  "irons_spellbooks:irons_spellbooks/ink_root": {
    "criteria": {
      "requirement": "2025-11-27 23:47:38 +0100"
    },
    "done": true
  },
  "minecraft:nether/obtain_ancient_debris": {
    "criteria": {
      "ancient_debris": "2025-11-27 23:47:41 +0100"
    },
    "done": true
  },
  "jumbofurnace:assemble_jumbo_furnace": {
    "criteria": {
      "assemble_jumbo_furnace": "2025-11-28 00:28:43 +0100"
    },
    "done": true
  },
  "jumbofurnace:upgrade_jumbo_furnace": {
    "criteria": {
      "upgrade_jumbo_furnace": "2025-11-28 00:33:29 +0100"
    },
    "done": true
  },
  "jumbofurnace:obtain_jumbo_furnace": {
    "criteria": {
      "obtain_jumbo_furnace": "2025-11-28 00:36:34 +0100"
    },
    "done": true
  },
  "jumbofurnace:fully_upgrade_jumbo_furnace": {
    "criteria": {
      "fully_upgrade_jumbo_furnace": "2025-11-28 00:38:30 +0100"
    },
    "done": true
  },
  "ars_nouveau:imbuement_chamber": {
    "criteria": {
      "has_imbuement_chamber": "2025-11-28 00:44:17 +0100"
    },
    "done": true
  },
  "immersiveengineering:tools/tools_root": {
    "criteria": {
      "has_item": "2025-11-28 00:45:35 +0100"
    },
    "done": true
  },
  "immersiveengineering:main/craft_workbench": {
    "criteria": {
      "has_item": "2025-11-28 00:45:35 +0100"
    },
    "done": true
  },
  "minecraft:husbandry/tame_an_animal": {
    "criteria": {
      "tamed_animal": "2025-11-28 00:53:35 +0100"
    },
    "done": true
  },
  "minecraft:husbandry/whole_pack": {
    "criteria": {
      "minecraft:pale": "2025-11-28 00:53:35 +0100"
    },
    "done": false
  },
  "ae2:main/compass": {
    "criteria": {
      "compass": "2025-11-28 01:16:39 +0100"
    },
    "done": true
  },
  "mekanism:energy_transport": {
    "criteria": {
      "basic_universal_cable": "2025-11-28 01:18:42 +0100"
    },
    "done": true
  },
  "mekanism:energy_cube": {
    "criteria": {
      "basic_energy_cube": "2025-11-28 01:24:21 +0100"
    },
    "done": true
  },
  "mekanism:item_transport": {
    "criteria": {
      "basic_logistical_transporter": "2025-11-28 14:24:23 +0100"
    },
    "done": true
  },
  "apotheosis:progression/summit": {
    "criteria": {
      "rare_chest": "2025-11-28 14:41:36 +0100"
    },
    "done": false
  },
  "mekanism:metallurgic_infuser": {
    "criteria": {
      "metallurgic_infuser": "2025-11-28 13:31:26 +0100"
    },
    "done": true
  },
  "minecraft:oritech/assembler": {
    "criteria": {
      "got_assembler": "2025-11-28 13:36:38 +0100"
    },
    "done": true
  },
  "mekanism:dictionary": {
    "criteria": {
      "dictionary": "2025-11-28 14:35:03 +0100"
    },
    "done": true
  },
  "actuallyadditions:craft_reconstructor": {
    "criteria": {
      "atomic_reconstructor": "2025-11-28 15:41:32 +0100"
    },
    "done": true
  },
  "minecraft:husbandry/complete_catalogue": {
    "criteria": {
      "minecraft:black": "2025-11-28 14:03:33 +0100"
    },
    "done": false
  },
  "DataVersion": 3955
}